<!DOCTYPE propertyCatalog
[
    <!ELEMENT propertyCatalog (item+)>
        <!ELEMENT item (vld_vl*) >
        <!ELEMENT vld_vl (#PCDATA)>
        
        <!ATTLIST item 
                            name CDATA #REQUIRED
                            required ( TRUE | FALSE ) "TRUE"
                            type ( INTEGER | STRING | VECTOR | BOOLEAN ) "STRING"
                            scope ( REQUEST | SESSION ) "REQUEST" >
        <!ATTLIST propertyCatalog 
                            encryptionKey CDATA #IMPLIED >
]>


<propertyCatalog encryptionKey="DB172C9689A29EDE24BFF2D47432F3DF558E7E251392327EF35BADE431532451132E0833D927B456C0F9CBDD68551F6D4AC7299E43C8B3D8" >

    <item 
        name        = "404_STATUS_PAGE"  
        required    = "TRUE" 
        type        = "STRING" 
        scope       = "SESSION" >
    </item>

    <item 
        name        = "ABSM_TARGET_END_POINT"  
        required    = "TRUE" 
        type        = "STRING" 
        scope       = "REQUEST" >
    </item>

    <item 
        name        = "ACCEPT_HASBRO_GZIP_RESPONSE"  
        required    = "FALSE" 
        type        = "STRING" 
        scope       = "REQUEST" >
        <vld_vl>FALSE</vld_vl>
        <vld_vl>TRUE</vld_vl>
    </item>

    <item 
        name        = "ADMIN_NO_OF_CHAR_IN_CONTENT_TO_DISP"  
        required    = "FALSE" 
        type        = "INTEGER" 
        scope       = "SESSION" >
    </item>

    <item 
        name        = "ADMIN_NO_OF_SEARCH_RESULTS_TO_DISPL"  
        required    = "FALSE" 
        type        = "INTEGER" 
        scope       = "SESSION" >
    </item>

    <item 
        name        = "ADMIN_SEARCH_TERM_MIN_LENGTH"  
        required    = "TRUE" 
        type        = "INTEGER" 
        scope       = "SESSION" >
    </item>

    <item 
        name        = "ADVC_SERVICES_END_POINT"  
        required    = "TRUE" 
        type        = "STRING" 
        scope       = "REQUEST" >
    </item>

    <item 
        name        = "ADVOCATE_MGMT_TARGET_END_POINT"  
        required    = "FALSE" 
        type        = "STRING" 
        scope       = "REQUEST" >
    </item>

    <item 
        name        = "AF_APP_URL"  
        required    = "FALSE" 
        type        = "STRING" 
        scope       = "SESSION" >
    </item>

    <item 
        name        = "ALLOW_IP_ADDRESSES"  
        required    = "TRUE" 
        type        = "STRING" 
        scope       = "SESSION" >
    </item>

    <item 
        name        = "ALLOWED_HOST_TO_RUN_JOB"  
        required    = "TRUE" 
        type        = "STRING" 
        scope       = "REQUEST" >
    </item>

    <item 
        name        = "ANN_ATTACH_LIMIT"  
        required    = "FALSE" 
        type        = "STRING" 
        scope       = "SESSION" >
    </item>

    <item 
        name        = "ANNC_CAROUSEL_TIME_INTERVAL"  
        required    = "FALSE" 
        type        = "INTEGER" 
        scope       = "SESSION" >
    </item>

    <item 
        name        = "ANNC_JNDI_NAME"  
        required    = "FALSE" 
        type        = "STRING" 
        scope       = "SESSION" >
    </item>

    <item 
        name        = "ANNC_REFRESH_TIME_INTERVAL"  
        required    = "FALSE" 
        type        = "INTEGER" 
        scope       = "SESSION" >
    </item>

    <item 
        name        = "ANNOUNCEMENTS_IMAGE_SERVER_PREFIX"  
        required    = "FALSE" 
        type        = "STRING" 
        scope       = "SESSION" >
    </item>

    <item 
        name        = "ANTIVIRUS_CONNECTION_TIMEOUT"  
        required    = "FALSE" 
        type        = "STRING" 
        scope       = "REQUEST" >
    </item>

    <item 
        name        = "ANTIVIRUS_SCAN_HOST"  
        required    = "FALSE" 
        type        = "STRING" 
        scope       = "REQUEST" >
    </item>

    <item 
        name        = "ANTIVIRUS_SCAN_PORT"  
        required    = "FALSE" 
        type        = "STRING" 
        scope       = "REQUEST" >
    </item>

    <item 
        name        = "APP_URL"  
        required    = "FALSE" 
        type        = "STRING" 
        scope       = "SESSION" >
    </item>

    <item 
        name        = "APPLICATION_VERSION"  
        required    = "TRUE" 
        type        = "STRING" 
        scope       = "SESSION" >
    </item>

    <item 
        name        = "BAZAARVOICE_AVAILABLE"  
        required    = "FALSE" 
        type        = "STRING" 
        scope       = "SESSION" >
    </item>

    <item 
        name        = "BAZAARVOICE_JAVASCRIPT_EN_US_URL"  
        required    = "FALSE" 
        type        = "STRING" 
        scope       = "SESSION" >
    </item>

    <item 
        name        = "BAZAARVOICE_JAVASCRIPT_ES_US_URL"  
        required    = "FALSE" 
        type        = "STRING" 
        scope       = "SESSION" >
    </item>

    <item 
        name        = "BAZAARVOICE_SHARED_KEY"  
        required    = "FALSE" 
        type        = "STRING" 
        scope       = "SESSION" >
    </item>

    <item 
        name        = "BC_VIDEO_PLAYER_ID"  
        required    = "FALSE" 
        type        = "STRING" 
        scope       = "REQUEST" >
    </item>

    <item 
        name        = "BIREPORT_TARGET_END_POINT"  
        required    = "FALSE" 
        type        = "STRING" 
        scope       = "REQUEST" >
    </item>

    <item 
        name        = "BLACKOUT_PORTLETS_NAMES"  
        required    = "TRUE" 
        type        = "STRING" 
        scope       = "REQUEST" >
    </item>

    <item 
        name        = "BLACKOUT_TEXT_FROM_PROPS"  
        required    = "TRUE" 
        type        = "BOOLEAN" 
        scope       = "REQUEST" >
        <vld_vl>TRUE</vld_vl>
        <vld_vl>FALSE</vld_vl>
    </item>

    <item 
        name        = "BRANDING_CSS_PATH"  
        required    = "FALSE" 
        type        = "STRING" 
        scope       = "SESSION" >
    </item>

    <item 
        name        = "BRANDING_IMAGE_PATH"  
        required    = "FALSE" 
        type        = "STRING" 
        scope       = "SESSION" >
    </item>

    <item 
        name        = "BUSINESS_UNDER_MAINTENANCE"  
        required    = "FALSE" 
        type        = "STRING" 
        scope       = "REQUEST" >
    </item>

    <item 
        name        = "BUYSELL_TARGET_END_POINT"  
        required    = "FALSE" 
        type        = "STRING" 
        scope       = "REQUEST" >
    </item>

    <item 
        name        = "CALENDAR_EVENT_TARGET_END_POINT"  
        required    = "FALSE" 
        type        = "STRING" 
        scope       = "REQUEST" >
    </item>

    <item 
        name        = "CAREMARK_TARGET_END_POINT"  
        required    = "FALSE" 
        type        = "STRING" 
        scope       = "REQUEST" >
    </item>

    <item 
        name        = "CBA_AUTH_P_TARGET_END_POINT"  
        required    = "FALSE" 
        type        = "STRING" 
        scope       = "REQUEST" >
    </item>

    <item 
        name        = "CBA_AUTH_W_TARGET_END_POINT"  
        required    = "FALSE" 
        type        = "STRING" 
        scope       = "REQUEST" >
    </item>

    <item 
        name        = "CBA_AUTH_X_TARGET_END_POINT"  
        required    = "FALSE" 
        type        = "STRING" 
        scope       = "REQUEST" >
    </item>

    <item 
        name        = "CBA_AUTH_Y_TARGET_END_POINT"  
        required    = "FALSE" 
        type        = "STRING" 
        scope       = "REQUEST" >
    </item>

    <item 
        name        = "CBA_PP_TARGET_END_POINT"  
        required    = "FALSE" 
        type        = "STRING" 
        scope       = "SESSION" >
    </item>

    <item 
        name        = "CCF_UDP_AUTHORIZATION_TOKEN"  
        required    = "FALSE" 
        type        = "STRING" 
        scope       = "REQUEST" >
    </item>

    <item 
        name        = "CCF_UDP_AUTHORIZATION_TOKEN_PROD"  
        required    = "FALSE" 
        type        = "STRING" 
        scope       = "REQUEST" >
    </item>

    <item 
        name        = "CCF_UDP_TARGET_END_POINT_PROD"  
        required    = "FALSE" 
        type        = "STRING" 
        scope       = "REQUEST" >
    </item>

    <item 
        name        = "CCF_UDPPERSON_TARGET_END_POINT"  
        required    = "FALSE" 
        type        = "STRING" 
        scope       = "REQUEST" >
    </item>

    <item 
        name        = "CCF_UDPPERSON_TARGET_END_POINT_PROD"  
        required    = "FALSE" 
        type        = "STRING" 
        scope       = "REQUEST" >
    </item>

    <item 
        name        = "CCF_UPOINT_UDP_AUTHORIZATION_END_PO"  
        required    = "FALSE" 
        type        = "STRING" 
        scope       = "REQUEST" >
    </item>

    <item 
        name        = "CFT_UPLOAD_FOLDER_NAME"  
        required    = "FALSE" 
        type        = "STRING" 
        scope       = "SESSION" >
    </item>

    <item 
        name        = "CLIENT_FACING_LOGOUT_PAGE_PATH"  
        required    = "TRUE" 
        type        = "STRING" 
        scope       = "SESSION" >
    </item>

    <item 
        name        = "CLIENTANDCOLLEAGUE_TARGET_END_POINT"  
        required    = "FALSE" 
        type        = "STRING" 
        scope       = "REQUEST" >
    </item>

    <item 
        name        = "CM_PLT_TARGET_END_POINT"  
        required    = "FALSE" 
        type        = "STRING" 
        scope       = "REQUEST" >
    </item>

    <item 
        name        = "CM_TARGET_END_POINT"  
        required    = "TRUE" 
        type        = "STRING" 
        scope       = "REQUEST" >
    </item>

    <item 
        name        = "CM_TARGET_PRSN_ACTV_END_POINT"  
        required    = "FALSE" 
        type        = "STRING" 
        scope       = "REQUEST" >
    </item>

    <item 
        name        = "CODEBROKER_END_POINT"  
        required    = "FALSE" 
        type        = "STRING" 
        scope       = "SESSION" >
    </item>

    <item 
        name        = "CODEBROKER_KEY"  
        required    = "FALSE" 
        type        = "STRING" 
        scope       = "REQUEST" >
    </item>

    <item 
        name        = "COMPANIES_TO_RUN_SCHEDULER"  
        required    = "TRUE" 
        type        = "STRING" 
        scope       = "REQUEST" >
    </item>

    <item 
        name        = "CONFIG_CLNT_LIST"  
        required    = "FALSE" 
        type        = "STRING" 
        scope       = "SESSION" >
    </item>

    <item 
        name        = "CONFIG_DATASOURCE"  
        required    = "FALSE" 
        type        = "STRING" 
        scope       = "SESSION" >
    </item>

    <item 
        name        = "CONFIG_DEFAULT_SCHEMA"  
        required    = "FALSE" 
        type        = "STRING" 
        scope       = "SESSION" >
    </item>

    <item 
        name        = "CONFIG_REFRESH_TIMER"  
        required    = "FALSE" 
        type        = "STRING" 
        scope       = "SESSION" >
    </item>

    <item 
        name        = "CONTACTPOINT_TARGET_END_POINT"  
        required    = "FALSE" 
        type        = "STRING" 
        scope       = "REQUEST" >
    </item>

    <item 
        name        = "CONTENT_DELETION_ENABLED"  
        required    = "TRUE" 
        type        = "BOOLEAN" 
        scope       = "SESSION" >
    </item>

    <item 
        name        = "CREDENTIAL_TARGET_END_POINT"  
        required    = "TRUE" 
        type        = "STRING" 
        scope       = "REQUEST" >
    </item>

    <item 
        name        = "CYC_TARGET_END_POINT"  
        required    = "FALSE" 
        type        = "STRING" 
        scope       = "REQUEST" >
    </item>

    <item 
        name        = "DB_TARGET_END_POINT"  
        required    = "TRUE" 
        type        = "STRING" 
        scope       = "REQUEST" >
    </item>

    <item 
        name        = "DBPLAN_TARGET_END_POINT"  
        required    = "FALSE" 
        type        = "STRING" 
        scope       = "REQUEST" >
    </item>

    <item 
        name        = "DBTARGET_TARGET_END_POINT"  
        required    = "FALSE" 
        type        = "STRING" 
        scope       = "REQUEST" >
    </item>

    <item 
        name        = "DC_TARGET_END_POINT"  
        required    = "TRUE" 
        type        = "STRING" 
        scope       = "REQUEST" >
    </item>

    <item 
        name        = "DC_TFER_ACTV_TARGET_END_POINT"  
        required    = "TRUE" 
        type        = "STRING" 
        scope       = "REQUEST" >
    </item>

    <item 
        name        = "DCDVSREPORT_TARGET_END_POINT"  
        required    = "FALSE" 
        type        = "STRING" 
        scope       = "REQUEST" >
    </item>

    <item 
        name        = "DCPLAN_TARGET_END_POINT"  
        required    = "FALSE" 
        type        = "STRING" 
        scope       = "REQUEST" >
    </item>

    <item 
        name        = "DEBUG_STATS_ENABLED"  
        required    = "TRUE" 
        type        = "STRING" 
        scope       = "REQUEST" >
    </item>

    <item 
        name        = "DEFAULT_LOCALE"  
        required    = "TRUE" 
        type        = "STRING" 
        scope       = "SESSION" >
        <vld_vl>fr_CA</vld_vl>
        <vld_vl>en_CA</vld_vl>
        <vld_vl>es_US</vld_vl>
        <vld_vl>en_US</vld_vl>
        <vld_vl>en_GB</vld_vl>
    </item>

    <item 
        name        = "DISCOVER_TARGET_END_POINT"  
        required    = "FALSE" 
        type        = "STRING" 
        scope       = "SESSION" >
    </item>

    <item 
        name        = "DOZE_CUSTOM_MAPPING_FILE_PATH"  
        required    = "FALSE" 
        type        = "STRING" 
        scope       = "SESSION" >
    </item>

    <item 
        name        = "EDIT_FEED_RECORD_ENABLED"  
        required    = "TRUE" 
        type        = "BOOLEAN" 
        scope       = "SESSION" >
    </item>

    <item 
        name        = "EDIT_UPLOAD_RECORD_ENABLED"  
        required    = "TRUE" 
        type        = "BOOLEAN" 
        scope       = "SESSION" >
    </item>

    <item 
        name        = "EDS_FAILED_MSG_LOCATION"  
        required    = "FALSE" 
        type        = "STRING" 
        scope       = "SESSION" >
    </item>

    <item 
        name        = "EDS_FORMAT_CD"  
        required    = "FALSE" 
        type        = "STRING" 
        scope       = "SESSION" >
    </item>

    <item 
        name        = "EDS_LOGO"  
        required    = "FALSE" 
        type        = "STRING" 
        scope       = "SESSION" >
    </item>

    <item 
        name        = "EDS_PRIORITY"  
        required    = "FALSE" 
        type        = "STRING" 
        scope       = "SESSION" >
    </item>

    <item 
        name        = "EDS_SEC_CD"  
        required    = "FALSE" 
        type        = "BOOLEAN" 
        scope       = "SESSION" >
    </item>

    <item 
        name        = "EDS_SOURCE"  
        required    = "FALSE" 
        type        = "STRING" 
        scope       = "SESSION" >
    </item>

    <item 
        name        = "EMAIL_OVERRIDE_ADDRESS"  
        required    = "TRUE" 
        type        = "STRING" 
        scope       = "REQUEST" >
    </item>

    <item 
        name        = "EMP_USER_DETAILS"  
        required    = "FALSE" 
        type        = "STRING" 
        scope       = "SESSION" >
    </item>

    <item 
        name        = "EMPLOYEE_ANALYTICS_TARGET_END_POINT"  
        required    = "TRUE" 
        type        = "STRING" 
        scope       = "SESSION" >
    </item>

    <item 
        name        = "EMPLOYEE_MGMT_TARGET_END_POINT"  
        required    = "TRUE" 
        type        = "STRING" 
        scope       = "SESSION" >
    </item>

    <item 
        name        = "EMPLOYER_MGMT_TARGET_END_POINT"  
        required    = "FALSE" 
        type        = "STRING" 
        scope       = "REQUEST" >
    </item>

    <item 
        name        = "EMPLOYERCONFIG_TARGET_END_POINT"  
        required    = "FALSE" 
        type        = "STRING" 
        scope       = "REQUEST" >
    </item>

    <item 
        name        = "EMPMGT_TARGET_END_POINT"  
        required    = "FALSE" 
        type        = "STRING" 
        scope       = "REQUEST" >
    </item>

    <item 
        name        = "ENABLE_BASE_SELECTIVE_TXT_LOADING"  
        required    = "FALSE" 
        type        = "BOOLEAN" 
        scope       = "REQUEST" >
    </item>

    <item 
        name        = "ENABLE_HASBRO_REQUEST_COMPRESSION"  
        required    = "FALSE" 
        type        = "STRING" 
        scope       = "REQUEST" >
        <vld_vl>TRUE</vld_vl>
        <vld_vl>FALSE</vld_vl>
    </item>

    <item 
        name        = "ERROR_PAGE_PATH"  
        required    = "TRUE" 
        type        = "STRING" 
        scope       = "SESSION" >
    </item>

    <item 
        name        = "EVIVE_TARGET_END_POINT"  
        required    = "FALSE" 
        type        = "STRING" 
        scope       = "REQUEST" >
    </item>

    <item 
        name        = "EXT_NONSSO_LK_LOGGING_URL"  
        required    = "TRUE" 
        type        = "STRING" 
        scope       = "SESSION" >
    </item>

    <item 
        name        = "EXTLINK_KEEPALIVE_INTERVAL"  
        required    = "TRUE" 
        type        = "INTEGER" 
        scope       = "SESSION" >
    </item>

    <item 
        name        = "FAIL_SAFE_EXPRESSIONS"  
        required    = "FALSE" 
        type        = "STRING" 
        scope       = "REQUEST" >
    </item>

    <item 
        name        = "FORCE_HTTPS"  
        required    = "FALSE" 
        type        = "BOOLEAN" 
        scope       = "REQUEST" >
    </item>

    <item 
        name        = "FRAUD_SKIP_RSA_DEFAULT"  
        required    = "FALSE" 
        type        = "BOOLEAN" 
        scope       = "SESSION" >
    </item>

    <item 
        name        = "FVNMGMT_TARGET_END_POINT"  
        required    = "FALSE" 
        type        = "STRING" 
        scope       = "REQUEST" >
    </item>

    <item 
        name        = "GA_PROPERTY_ID"  
        required    = "TRUE" 
        type        = "STRING" 
        scope       = "REQUEST" >
    </item>

    <item 
        name        = "GA_SAMPLE_RATE_PROPERTY"  
        required    = "TRUE" 
        type        = "INTEGER" 
        scope       = "SESSION" >
    </item>

    <item 
        name        = "GLOBAL_SESSION_ID_KEY"  
        required    = "TRUE" 
        type        = "STRING" 
        scope       = "SESSION" >
    </item>

    <item 
        name        = "GLOBALMSGCENTER_TARGET_END_POINT"  
        required    = "TRUE" 
        type        = "STRING" 
        scope       = "SESSION" >
    </item>

    <item 
        name        = "GMC_BADGE_IMPL"  
        required    = "FALSE" 
        type        = "STRING" 
        scope       = "SESSION" >
    </item>

    <item 
        name        = "GMC_PORTLET_NAME"  
        required    = "TRUE" 
        type        = "STRING" 
        scope       = "SESSION" >
    </item>

    <item 
        name        = "GSID_COOKIE_DOMAIN"  
        required    = "TRUE" 
        type        = "STRING" 
        scope       = "SESSION" >
    </item>

    <item 
        name        = "GTM_CONTAINER_ID"  
        required    = "FALSE" 
        type        = "STRING" 
        scope       = "SESSION" >
    </item>

    <item 
        name        = "HASBRO_BROKER_ECS_USERID"  
        required    = "TRUE" 
        type        = "STRING" 
        scope       = "REQUEST" >
    </item>

    <item 
        name        = "HASBRO_BROKER_USERID"  
        required    = "TRUE" 
        type        = "STRING" 
        scope       = "REQUEST" >
    </item>

    <item 
        name        = "HASBRO_POOL_MAX_ACTIVE_SIZE"  
        required    = "TRUE" 
        type        = "INTEGER" 
        scope       = "SESSION" >
    </item>

    <item 
        name        = "HASBRO_POOL_MAX_SIZE"  
        required    = "TRUE" 
        type        = "INTEGER" 
        scope       = "SESSION" >
    </item>

    <item 
        name        = "HASBROCFG_TARGET_END_POINT"  
        required    = "FALSE" 
        type        = "STRING" 
        scope       = "REQUEST" >
    </item>

    <item 
        name        = "HCSC_TARGET_END_POINT"  
        required    = "FALSE" 
        type        = "STRING" 
        scope       = "REQUEST" >
    </item>

    <item 
        name        = "HELLO_WALLET_TARGET_END_POINT"  
        required    = "TRUE" 
        type        = "STRING" 
        scope       = "REQUEST" >
    </item>

    <item 
        name        = "HFIM_FACADE_SERVLET_PATH"  
        required    = "TRUE" 
        type        = "STRING" 
        scope       = "SESSION" >
    </item>

    <item 
        name        = "HFIM_FACADE_SERVLET_URL"  
        required    = "TRUE" 
        type        = "STRING" 
        scope       = "SESSION" >
    </item>

    <item 
        name        = "HFIMFACADESERVLET_ATTR_EXCLUDED"  
        required    = "TRUE" 
        type        = "STRING" 
        scope       = "SESSION" >
    </item>

    <item 
        name        = "HFIMFACADESERVLET_ATTRIBUTE_EXCLUDE"  
        required    = "TRUE" 
        type        = "STRING" 
        scope       = "SESSION" >
    </item>

    <item 
        name        = "HM_CASTLIGHT_TARGET_END_POINT"  
        required    = "FALSE" 
        type        = "STRING" 
        scope       = "REQUEST" >
    </item>

    <item 
        name        = "HM_CONNECTURE_TARGET_END_POINT"  
        required    = "TRUE" 
        type        = "STRING" 
        scope       = "REQUEST" >
    </item>

    <item 
        name        = "HM_ENROLL_GET_BENE_END_POINT"  
        required    = "FALSE" 
        type        = "STRING" 
        scope       = "REQUEST" >
    </item>

    <item 
        name        = "HM_ENROLL_TARGET_END_POINT"  
        required    = "TRUE" 
        type        = "STRING" 
        scope       = "REQUEST" >
    </item>

    <item 
        name        = "HM_HLP_HCCS_END_POINT"  
        required    = "FALSE" 
        type        = "STRING" 
        scope       = "REQUEST" >
    </item>

    <item 
        name        = "HM_HMPLANMGMT_TARGET_END_POINT"  
        required    = "TRUE" 
        type        = "STRING" 
        scope       = "REQUEST" >
    </item>

    <item 
        name        = "HM_OPTUM_TARGET_END_POINT"  
        required    = "TRUE" 
        type        = "STRING" 
        scope       = "REQUEST" >
    </item>

    <item 
        name        = "HM_PICWELL_TARGET_END_POINT"  
        required    = "TRUE" 
        type        = "STRING" 
        scope       = "REQUEST" >
    </item>

    <item 
        name        = "HM_STRENUUS_TARGET_END_POINT"  
        required    = "FALSE" 
        type        = "STRING" 
        scope       = "REQUEST" >
    </item>

    <item 
        name        = "HM_TARGET_END_POINT"  
        required    = "TRUE" 
        type        = "STRING" 
        scope       = "REQUEST" >
    </item>

    <item 
        name        = "HMIG_CONNECTURE_AVLB_CD"  
        required    = "TRUE" 
        type        = "STRING" 
        scope       = "REQUEST" >
    </item>

    <item 
        name        = "HMIG_OPTUM_AVLB_CD"  
        required    = "TRUE" 
        type        = "STRING" 
        scope       = "REQUEST" >
    </item>

    <item 
        name        = "HMIG_PICWELL_AVLB_CD"  
        required    = "TRUE" 
        type        = "BOOLEAN" 
        scope       = "REQUEST" >
    </item>

    <item 
        name        = "HMIG_STRENUUS_AVLB_CD"  
        required    = "FALSE" 
        type        = "STRING" 
        scope       = "REQUEST" >
    </item>

    <item 
        name        = "HMPLANCONFIG_TARGET_END_POINT"  
        required    = "FALSE" 
        type        = "STRING" 
        scope       = "REQUEST" >
    </item>

    <item 
        name        = "HRBPO_TARGET_END_POINT"  
        required    = "FALSE" 
        type        = "STRING" 
        scope       = "REQUEST" >
    </item>

    <item 
        name        = "HSA_PRSPND_ACCT_END_POINT"  
        required    = "FALSE" 
        type        = "STRING" 
        scope       = "REQUEST" >
    </item>

    <item 
        name        = "HSABANK_TARGET_END_POINT"  
        required    = "FALSE" 
        type        = "STRING" 
        scope       = "REQUEST" >
    </item>

    <item 
        name        = "HTTP_CONNECTION_TIMEOUT"  
        required    = "FALSE" 
        type        = "STRING" 
        scope       = "SESSION" >
    </item>

    <item 
        name        = "HTTP_DEFAULT_MAX_CONN_PER_HOST"  
        required    = "FALSE" 
        type        = "STRING" 
        scope       = "SESSION" >
    </item>

    <item 
        name        = "HTTP_DEFAULT_MAX_CONNECTIONS_PER_HO"  
        required    = "FALSE" 
        type        = "STRING" 
        scope       = "SESSION" >
    </item>

    <item 
        name        = "HTTP_MAX_CONNECTIONS_PER_HOST"  
        required    = "FALSE" 
        type        = "STRING" 
        scope       = "SESSION" >
    </item>

    <item 
        name        = "HTTP_MAX_TOTAL_CONNECTIONS"  
        required    = "FALSE" 
        type        = "STRING" 
        scope       = "SESSION" >
    </item>

    <item 
        name        = "HTTP_SOCKET_TIMEOUT"  
        required    = "FALSE" 
        type        = "STRING" 
        scope       = "SESSION" >
    </item>

    <item 
        name        = "IMGDOCMGMT_TARGET_END_POINT"  
        required    = "TRUE" 
        type        = "STRING" 
        scope       = "REQUEST" >
    </item>

    <item 
        name        = "IMGDOCPATH_TARGET_END_POINT"  
        required    = "TRUE" 
        type        = "STRING" 
        scope       = "REQUEST" >
    </item>

    <item 
        name        = "IMGTEMPDOCPATH_TARGET_END_POINT"  
        required    = "FALSE" 
        type        = "STRING" 
        scope       = "REQUEST" >
    </item>

    <item 
        name        = "IMGXMLPATH_TARGET_END_POINT"  
        required    = "TRUE" 
        type        = "STRING" 
        scope       = "REQUEST" >
    </item>

    <item 
        name        = "IS_BLACKOUT"  
        required    = "TRUE" 
        type        = "BOOLEAN" 
        scope       = "REQUEST" >
        <vld_vl>TRUE</vld_vl>
        <vld_vl>FALSE</vld_vl>
    </item>

    <item 
        name        = "IS_BLACKOUT_TXT_COMMON"  
        required    = "FALSE" 
        type        = "STRING" 
        scope       = "REQUEST" >
    </item>

    <item 
        name        = "IS_BLACKOUT_TXT_SCHD_MNTN"  
        required    = "FALSE" 
        type        = "STRING" 
        scope       = "REQUEST" >
    </item>

    <item 
        name        = "IS_CM_OPTIMIZATION_ENABLE"  
        required    = "FALSE" 
        type        = "BOOLEAN" 
        scope       = "REQUEST" >
    </item>

    <item 
        name        = "IS_COMPANY_DISPLAY_UPDATE_REQ"  
        required    = "FALSE" 
        type        = "BOOLEAN" 
        scope       = "SESSION" >
    </item>

    <item 
        name        = "IS_EMP_FEATURE_ALLOWED"  
        required    = "FALSE" 
        type        = "BOOLEAN" 
        scope       = "SESSION" >
    </item>

    <item 
        name        = "IS_GMC_APP_CACHE_LAZY"  
        required    = "FALSE" 
        type        = "BOOLEAN" 
        scope       = "SESSION" >
    </item>

    <item 
        name        = "IS_GMC_BADGE"  
        required    = "FALSE" 
        type        = "STRING" 
        scope       = "SESSION" >
    </item>

    <item 
        name        = "IS_IH_MQ_LOGGING_ENABLED"  
        required    = "FALSE" 
        type        = "BOOLEAN" 
        scope       = "SESSION" >
        <vld_vl>TRUE</vld_vl>
        <vld_vl>FALSE</vld_vl>
    </item>

    <item 
        name        = "IS_INTERN_ENABLED"  
        required    = "FALSE" 
        type        = "BOOLEAN" 
        scope       = "REQUEST" >
    </item>

    <item 
        name        = "IS_IVA_ENABLED"  
        required    = "FALSE" 
        type        = "BOOLEAN" 
        scope       = "REQUEST" >
    </item>

    <item 
        name        = "IS_LIVE_LOOK_ENABLED"  
        required    = "TRUE" 
        type        = "BOOLEAN" 
        scope       = "SESSION" >
    </item>

    <item 
        name        = "IS_NAMESPACE_ENABLED"  
        required    = "FALSE" 
        type        = "BOOLEAN" 
        scope       = "SESSION" >
    </item>

    <item 
        name        = "IS_NEW_RELIC_ENABLED"  
        required    = "FALSE" 
        type        = "STRING" 
        scope       = "SESSION" >
        <vld_vl>TRUE</vld_vl>
        <vld_vl>FALSE</vld_vl>
    </item>

    <item 
        name        = "IS_PARTPARM_SYNCHRONIZED"  
        required    = "FALSE" 
        type        = "BOOLEAN" 
        scope       = "REQUEST" >
    </item>

    <item 
        name        = "IS_SIGNIN_POLICY_UPDATE_REQ"  
        required    = "FALSE" 
        type        = "BOOLEAN" 
        scope       = "SESSION" >
    </item>

    <item 
        name        = "IS_UDP_BPO_ENABLED"  
        required    = "FALSE" 
        type        = "BOOLEAN" 
        scope       = "REQUEST" >
    </item>

    <item 
        name        = "IS_UDP_ENABLED"  
        required    = "FALSE" 
        type        = "BOOLEAN" 
        scope       = "REQUEST" >
    </item>

    <item 
        name        = "IS_UDP_ENABLED_V2"  
        required    = "FALSE" 
        type        = "BOOLEAN" 
        scope       = "REQUEST" >
    </item>

    <item 
        name        = "IS_UDP_YSA_ENABLED"  
        required    = "FALSE" 
        type        = "BOOLEAN" 
        scope       = "REQUEST" >
        <vld_vl>FALSE</vld_vl>
        <vld_vl>TRUE</vld_vl>
    </item>

    <item 
        name        = "IVA_JAVASCRIPT_SRC"  
        required    = "FALSE" 
        type        = "STRING" 
        scope       = "REQUEST" >
    </item>

    <item 
        name        = "JVM_MAX_SESSION_CAP_LIMIT"  
        required    = "TRUE" 
        type        = "INTEGER" 
        scope       = "SESSION" >
    </item>

    <item 
        name        = "JVM_MAX_SESSION_CAP_TSHLD_PERCENT"  
        required    = "FALSE" 
        type        = "INTEGER" 
        scope       = "SESSION" >
    </item>

    <item 
        name        = "LIVE_LOOK_API_KEY"  
        required    = "TRUE" 
        type        = "STRING" 
        scope       = "SESSION" >
    </item>

    <item 
        name        = "LIVE_LOOK_MAIN_SERVER_PATH"  
        required    = "TRUE" 
        type        = "STRING" 
        scope       = "SESSION" >
    </item>

    <item 
        name        = "LIVE_LOOK_SCRIPT_URL"  
        required    = "TRUE" 
        type        = "STRING" 
        scope       = "SESSION" >
    </item>

    <item 
        name        = "LOGGING_NOVIEW_URL_LIST"  
        required    = "TRUE" 
        type        = "STRING" 
        scope       = "SESSION" >
    </item>

    <item 
        name        = "LOGGING_ROUTE_CODE"  
        required    = "TRUE" 
        type        = "STRING" 
        scope       = "REQUEST" >
    </item>

    <item 
        name        = "LOGIN_PORTLET_POLICY"  
        required    = "FALSE" 
        type        = "INTEGER" 
        scope       = "SESSION" >
    </item>

    <item 
        name        = "LOGOUT_PAGE_PATH"  
        required    = "TRUE" 
        type        = "STRING" 
        scope       = "SESSION" >
    </item>

    <item 
        name        = "LOGOUT_PAGE_PATH_EXTRN"  
        required    = "FALSE" 
        type        = "STRING" 
        scope       = "SESSION" >
    </item>

    <item 
        name        = "LOGOUT_URL_BPO"  
        required    = "FALSE" 
        type        = "STRING" 
        scope       = "SESSION" >
    </item>

    <item 
        name        = "LOGOUT_URL_CM"  
        required    = "TRUE" 
        type        = "STRING" 
        scope       = "SESSION" >
    </item>

    <item 
        name        = "MAESTRO_TARGET_END_POINT"  
        required    = "FALSE" 
        type        = "STRING" 
        scope       = "REQUEST" >
    </item>

    <item 
        name        = "MAS_ASYNC_CALLS"  
        required    = "FALSE" 
        type        = "STRING" 
        scope       = "REQUEST" >
    </item>

    <item 
        name        = "MAS_ASYNC_PART_PARM_LOAD"  
        required    = "FALSE" 
        type        = "STRING" 
        scope       = "REQUEST" >
    </item>

    <item 
        name        = "MAS_PART_PARM_LOAD"  
        required    = "FALSE" 
        type        = "STRING" 
        scope       = "SESSION" >
    </item>

    <item 
        name        = "MAX_SESSION_CAP_LIMIT"  
        required    = "TRUE" 
        type        = "INTEGER" 
        scope       = "SESSION" >
    </item>

    <item 
        name        = "MAX_SESSION_CAP_THRESHOLD_PERCENT"  
        required    = "FALSE" 
        type        = "INTEGER" 
        scope       = "SESSION" >
    </item>

    <item 
        name        = "MIGRAUTO_TARGET_END_POINT"  
        required    = "FALSE" 
        type        = "STRING" 
        scope       = "REQUEST" >
    </item>

    <item 
        name        = "MIN_KEY_SIZE"  
        required    = "TRUE" 
        type        = "INTEGER" 
        scope       = "REQUEST" >
    </item>

    <item 
        name        = "MOBILE_ENABLE"  
        required    = "FALSE" 
        type        = "BOOLEAN" 
        scope       = "SESSION" >
    </item>

    <item 
        name        = "MOBILE_FORK_PAGE_URL"  
        required    = "TRUE" 
        type        = "STRING" 
        scope       = "SESSION" >
    </item>

    <item 
        name        = "MOBILE_FORK_URL"  
        required    = "FALSE" 
        type        = "STRING" 
        scope       = "SESSION" >
    </item>

    <item 
        name        = "MSG_TARGET_END_POINT"  
        required    = "TRUE" 
        type        = "STRING" 
        scope       = "REQUEST" >
    </item>

    <item 
        name        = "MTOM_TARGET_END_POINT"  
        required    = "TRUE" 
        type        = "STRING" 
        scope       = "REQUEST" >
    </item>

    <item 
        name        = "MULNTBG_SERVICES_END_POINT"  
        required    = "FALSE" 
        type        = "STRING" 
        scope       = "REQUEST" >
    </item>

    <item 
        name        = "MULTI_SEC_REDIS_ENABLED"  
        required    = "FALSE" 
        type        = "BOOLEAN" 
        scope       = "REQUEST" >
    </item>

    <item 
        name        = "NEW_RELIC_APPLICATION_ID"  
        required    = "FALSE" 
        type        = "STRING" 
        scope       = "SESSION" >
    </item>

    <item 
        name        = "NEW_RELIC_LICENSE_KEY"  
        required    = "FALSE" 
        type        = "STRING" 
        scope       = "SESSION" >
    </item>

    <item 
        name        = "NO_OF_CHAR_IN_CONTENT_TO_DISPLAY"  
        required    = "TRUE" 
        type        = "INTEGER" 
        scope       = "SESSION" >
    </item>

    <item 
        name        = "NO_OF_SEARCH_RESULTS_TO_DISPLAY"  
        required    = "TRUE" 
        type        = "INTEGER" 
        scope       = "SESSION" >
    </item>

    <item 
        name        = "NON_PROXY_HOSTS"  
        required    = "FALSE" 
        type        = "STRING" 
        scope       = "SESSION" >
    </item>

    <item 
        name        = "OMNI_SERVICES_END_POINT"  
        required    = "FALSE" 
        type        = "STRING" 
        scope       = "REQUEST" >
    </item>

    <item 
        name        = "PARTNERS_TO_TRACK_ROI_USAGE"  
        required    = "FALSE" 
        type        = "STRING" 
        scope       = "SESSION" >
    </item>

    <item 
        name        = "PAYFLEX_AUTH_GROUP"  
        required    = "FALSE" 
        type        = "STRING" 
        scope       = "REQUEST" >
    </item>

    <item 
        name        = "PAYFLEX_TARGET_END_POINT"  
        required    = "FALSE" 
        type        = "STRING" 
        scope       = "REQUEST" >
    </item>

    <item 
        name        = "PCSMGMT_TARGET_END_POINT"  
        required    = "FALSE" 
        type        = "STRING" 
        scope       = "REQUEST" >
    </item>

    <item 
        name        = "PERSON_DB_ACTIVITY_TARGET_END_POINT"  
        required    = "FALSE" 
        type        = "STRING" 
        scope       = "REQUEST" >
    </item>

    <item 
        name        = "PERSON_DB_PLAN_TARGET_END_POINT"  
        required    = "TRUE" 
        type        = "STRING" 
        scope       = "REQUEST" >
    </item>

    <item 
        name        = "PERSON_DC_PLAN_TARGET_END_POINT"  
        required    = "TRUE" 
        type        = "STRING" 
        scope       = "REQUEST" >
    </item>

    <item 
        name        = "PERSON_LRNG_MGMT_TARGET_END_POINT"  
        required    = "FALSE" 
        type        = "STRING" 
        scope       = "REQUEST" >
    </item>

    <item 
        name        = "PERSON_MGMT_TARGET_END_POINT"  
        required    = "TRUE" 
        type        = "STRING" 
        scope       = "SESSION" >
    </item>

    <item 
        name        = "PIT_DB_JNDI_NAME"  
        required    = "FALSE" 
        type        = "STRING" 
        scope       = "SESSION" >
    </item>

    <item 
        name        = "PIT_DB_SCHEMA"  
        required    = "FALSE" 
        type        = "STRING" 
        scope       = "SESSION" >
    </item>

    <item 
        name        = "PORTAL_ABSOLUTE_SESSION_TIMEOUT"  
        required    = "FALSE" 
        type        = "INTEGER" 
        scope       = "SESSION" >
    </item>

    <item 
        name        = "PORTAL_BLACKOUT"  
        required    = "TRUE" 
        type        = "BOOLEAN" 
        scope       = "REQUEST" >
        <vld_vl>TRUE</vld_vl>
        <vld_vl>FALSE</vld_vl>
    </item>

    <item 
        name        = "PORTAL_BLACKOUT_ETA"  
        required    = "TRUE" 
        type        = "STRING" 
        scope       = "REQUEST" >
    </item>

    <item 
        name        = "PORTAL_BLACKOUT_REASON"  
        required    = "TRUE" 
        type        = "STRING" 
        scope       = "REQUEST" >
        <vld_vl>SCHEDULEDMAINTENANCE</vld_vl>
        <vld_vl>SERVICEDISRUPTION</vld_vl>
        <vld_vl>scheduledMaintenance</vld_vl>
        <vld_vl>serviceDisruption</vld_vl>
        <vld_vl>no-current-blackout</vld_vl>
        <vld_vl>unavailable-for-new-work</vld_vl>
        <vld_vl>unavailable-for-all-work</vld_vl>
    </item>

    <item 
        name        = "PORTAL_BLACKOUT_SCOPE"  
        required    = "TRUE" 
        type        = "STRING" 
        scope       = "REQUEST" >
        <vld_vl>no-current-blackout</vld_vl>
        <vld_vl>unavailable-for-new-work</vld_vl>
        <vld_vl>unavailable-for-all-work</vld_vl>
        <vld_vl>unavailable-for-spm-requests</vld_vl>
        <vld_vl>unavailable-for-erms-requests</vld_vl>
        <vld_vl>unavailable-for-spm-and-erms-requests</vld_vl>
    </item>

    <item 
        name        = "PORTAL_BLACKOUT_TEXT"  
        required    = "FALSE" 
        type        = "STRING" 
        scope       = "REQUEST" >
    </item>

    <item 
        name        = "PORTAL_KEYSTORE_PASSWORD_PROPERTY"  
        required    = "FALSE" 
        type        = "STRING" 
        scope       = "REQUEST" >
    </item>

    <item 
        name        = "PORTAL_SESSION_TIMEOUT"  
        required    = "TRUE" 
        type        = "INTEGER" 
        scope       = "SESSION" >
    </item>

    <item 
        name        = "PORTAL_SESSION_TIMEOUT_WARNING"  
        required    = "TRUE" 
        type        = "INTEGER" 
        scope       = "SESSION" >
    </item>

    <item 
        name        = "PORTLET_BLACKOUT"  
        required    = "TRUE" 
        type        = "BOOLEAN" 
        scope       = "REQUEST" >
        <vld_vl>TRUE</vld_vl>
        <vld_vl>FALSE</vld_vl>
    </item>

    <item 
        name        = "PORTLET_BLACKOUT_ETA"  
        required    = "TRUE" 
        type        = "STRING" 
        scope       = "REQUEST" >
    </item>

    <item 
        name        = "PORTLET_BLACKOUT_REASON"  
        required    = "TRUE" 
        type        = "STRING" 
        scope       = "REQUEST" >
        <vld_vl>scheduledMaintenance</vld_vl>
        <vld_vl>SERVICEDISRUPTION</vld_vl>
        <vld_vl>SCHEDULEDMAINTENANCE</vld_vl>
        <vld_vl>serviceDisruption</vld_vl>
        <vld_vl>no-current-blackout</vld_vl>
    </item>

    <item 
        name        = "PORTLET_BLACKOUT_SCOPE"  
        required    = "TRUE" 
        type        = "STRING" 
        scope       = "REQUEST" >
        <vld_vl>no-current-blackout</vld_vl>
        <vld_vl>unavailable-for-new-work</vld_vl>
        <vld_vl>unavailable-for-all-work</vld_vl>
        <vld_vl>unavailable-for-spm-requests</vld_vl>
        <vld_vl>unavailable-for-erms-requests</vld_vl>
        <vld_vl>unavailable-for-spm-and-erms-requests</vld_vl>
    </item>

    <item 
        name        = "POST_DATA_DELEGATE_SERVLET_PATH"  
        required    = "TRUE" 
        type        = "STRING" 
        scope       = "SESSION" >
    </item>

    <item 
        name        = "POST_DATA_DELEGATE_SERVLET_URL"  
        required    = "TRUE" 
        type        = "STRING" 
        scope       = "SESSION" >
    </item>

    <item 
        name        = "PROXY_SERVER_HOST"  
        required    = "FALSE" 
        type        = "STRING" 
        scope       = "SESSION" >
    </item>

    <item 
        name        = "PROXY_SERVER_PASSWORD"  
        required    = "FALSE" 
        type        = "STRING" 
        scope       = "SESSION" >
    </item>

    <item 
        name        = "PROXY_SERVER_PORT"  
        required    = "FALSE" 
        type        = "STRING" 
        scope       = "SESSION" >
    </item>

    <item 
        name        = "PROXY_SERVER_USERID"  
        required    = "FALSE" 
        type        = "STRING" 
        scope       = "SESSION" >
    </item>

    <item 
        name        = "PRSNMGMT_TARGET_END_POINT"  
        required    = "FALSE" 
        type        = "STRING" 
        scope       = "REQUEST" >
    </item>

    <item 
        name        = "PRSNMSNG_TARGET_END_POINT"  
        required    = "TRUE" 
        type        = "STRING" 
        scope       = "REQUEST" >
    </item>

    <item 
        name        = "PSN_TARGET_END_POINT"  
        required    = "FALSE" 
        type        = "STRING" 
        scope       = "REQUEST" >
    </item>

    <item 
        name        = "REDIRECT_URL"  
        required    = "FALSE" 
        type        = "STRING" 
        scope       = "REQUEST" >
    </item>

    <item 
        name        = "RET_INCOME_PROJ_END_POINT"  
        required    = "FALSE" 
        type        = "STRING" 
        scope       = "REQUEST" >
    </item>

    <item 
        name        = "RSA_ADMIN_ID"  
        required    = "TRUE" 
        type        = "STRING" 
        scope       = "REQUEST" >
    </item>

    <item 
        name        = "RSA_ADMIN_TARGET_END_POINT"  
        required    = "TRUE" 
        type        = "STRING" 
        scope       = "REQUEST" >
    </item>

    <item 
        name        = "RSA_CALLER_CREDENTIAL"  
        required    = "TRUE" 
        type        = "STRING" 
        scope       = "REQUEST" >
    </item>

    <item 
        name        = "RSA_CALLER_ID"  
        required    = "TRUE" 
        type        = "STRING" 
        scope       = "REQUEST" >
    </item>

    <item 
        name        = "RSA_TARGET_END_POINT"  
        required    = "TRUE" 
        type        = "STRING" 
        scope       = "REQUEST" >
    </item>

    <item 
        name        = "SCHEDULEDMAINTENANCE"  
        required    = "TRUE" 
        type        = "STRING" 
        scope       = "REQUEST" >
    </item>

    <item 
        name        = "SEARCH_TERM_MIN_LENGTH"  
        required    = "TRUE" 
        type        = "INTEGER" 
        scope       = "SESSION" >
    </item>

    <item 
        name        = "SECURE_PDF_CONTENT_KEY"  
        required    = "FALSE" 
        type        = "STRING" 
        scope       = "REQUEST" >
    </item>

    <item 
        name        = "SECURE_PDF_CONTENT_TIMEOUT"  
        required    = "FALSE" 
        type        = "STRING" 
        scope       = "REQUEST" >
    </item>

    <item 
        name        = "SERVICE_EXECUTION_MODE"  
        required    = "TRUE" 
        type        = "STRING" 
        scope       = "SESSION" >
        <vld_vl>INTERACTIVE</vld_vl>
        <vld_vl>TEST</vld_vl>
        <vld_vl>CAPTURE</vld_vl>
        <vld_vl>REPLAY</vld_vl>
    </item>

    <item 
        name        = "SERVICEDISRUPTION"  
        required    = "TRUE" 
        type        = "STRING" 
        scope       = "REQUEST" >
    </item>

    <item 
        name        = "SPM_BLACKOUT_ENABLED"  
        required    = "FALSE" 
        type        = "BOOLEAN" 
        scope       = "REQUEST" >
        <vld_vl>TRUE</vld_vl>
        <vld_vl>FALSE</vld_vl>
    </item>

    <item 
        name        = "SPM_BLACKOUT_ETA"  
        required    = "FALSE" 
        type        = "STRING" 
        scope       = "REQUEST" >
    </item>

    <item 
        name        = "SPM_BLACKOUT_RSN"  
        required    = "FALSE" 
        type        = "STRING" 
        scope       = "REQUEST" >
        <vld_vl>scheduledMaintenance</vld_vl>
        <vld_vl>no-current-blackout</vld_vl>
        <vld_vl>serviceDisruption</vld_vl>
        <vld_vl>SCHEDULEDMAINTENANCE</vld_vl>
    </item>

    <item 
        name        = "SPM_TARGET_END_POINT"  
        required    = "FALSE" 
        type        = "STRING" 
        scope       = "REQUEST" >
    </item>

    <item 
        name        = "TABLEAU_EXTERNAL_HOST_URL"  
        required    = "FALSE" 
        type        = "STRING" 
        scope       = "SESSION" >
    </item>

    <item 
        name        = "TABLEAU_HOST_URL"  
        required    = "FALSE" 
        type        = "STRING" 
        scope       = "SESSION" >
    </item>

    <item 
        name        = "TABLEAU_MINIDASHBOARD_EXTERNAL_HOST"  
        required    = "FALSE" 
        type        = "STRING" 
        scope       = "SESSION" >
    </item>

    <item 
        name        = "TABLEAU_MINIDASHBOARD_HOST_URL"  
        required    = "FALSE" 
        type        = "STRING" 
        scope       = "SESSION" >
    </item>

    <item 
        name        = "TCLIENT_INST_ID"  
        required    = "FALSE" 
        type        = "STRING" 
        scope       = "REQUEST" >
    </item>

    <item 
        name        = "TCLIENT_LDAP_TARGET_END_POINT"  
        required    = "FALSE" 
        type        = "STRING" 
        scope       = "REQUEST" >
    </item>

    <item 
        name        = "TEXT_MSG_MGMT_TARGET_END_POINT"  
        required    = "FALSE" 
        type        = "STRING" 
        scope       = "REQUEST" >
    </item>

    <item 
        name        = "THIRD_PARTY_SSO_KEEPALIVE_URL"  
        required    = "FALSE" 
        type        = "STRING" 
        scope       = "SESSION" >
    </item>

    <item 
        name        = "THRD_PARTY_ADVISOR_TARGET_END_POINT"  
        required    = "FALSE" 
        type        = "STRING" 
        scope       = "REQUEST" >
    </item>

    <item 
        name        = "TILE_IMG_FOLDER_NAME"  
        required    = "FALSE" 
        type        = "STRING" 
        scope       = "SESSION" >
    </item>

    <item 
        name        = "TOOLS_TO_TRACK_ROI_ELIGIBILITY"  
        required    = "FALSE" 
        type        = "STRING" 
        scope       = "SESSION" >
    </item>

    <item 
        name        = "UA_PROPERTY_ID"  
        required    = "TRUE" 
        type        = "STRING" 
        scope       = "REQUEST" >
    </item>

    <item 
        name        = "UCE_SCHEMA_NAME"  
        required    = "FALSE" 
        type        = "STRING" 
        scope       = "SESSION" >
    </item>

    <item 
        name        = "UCE_URL"  
        required    = "FALSE" 
        type        = "STRING" 
        scope       = "SESSION" >
    </item>

    <item 
        name        = "UDP_ALWAYS_SEND_PRSN_ID"  
        required    = "FALSE" 
        type        = "BOOLEAN" 
        scope       = "REQUEST" >
    </item>

    <item 
        name        = "UDP_NORMALIZED_CLIENT_ID"  
        required    = "FALSE" 
        type        = "STRING" 
        scope       = "REQUEST" >
    </item>

    <item 
        name        = "UDP_TARGET_END_POINT"  
        required    = "FALSE" 
        type        = "STRING" 
        scope       = "REQUEST" >
    </item>

    <item 
        name        = "UPN_CCS_INFO"  
        required    = "FALSE" 
        type        = "STRING" 
        scope       = "REQUEST" >
    </item>

    <item 
        name        = "UPN_ENABLED"  
        required    = "FALSE" 
        type        = "BOOLEAN" 
        scope       = "SESSION" >
    </item>

    <item 
        name        = "UPN_SEC_ZUUL_INFO"  
        required    = "FALSE" 
        type        = "STRING" 
        scope       = "REQUEST" >
    </item>

    <item 
        name        = "UPOINT_UDP_AUTH_SESSION_END_POINT"  
        required    = "FALSE" 
        type        = "STRING" 
        scope       = "REQUEST" >
    </item>

    <item 
        name        = "UPOINT_UDP_AUTHORIZATION_END_POINT"  
        required    = "FALSE" 
        type        = "STRING" 
        scope       = "REQUEST" >
    </item>

    <item 
        name        = "UPOINT_UDP_AUTHORIZATION_TOKEN"  
        required    = "FALSE" 
        type        = "STRING" 
        scope       = "REQUEST" >
    </item>

    <item 
        name        = "UPOINT_UDP_CONNECTION_TIMEOUT"  
        required    = "FALSE" 
        type        = "STRING" 
        scope       = "REQUEST" >
    </item>

    <item 
        name        = "UPOINT_UDP_READ_TIMEOUT"  
        required    = "FALSE" 
        type        = "STRING" 
        scope       = "REQUEST" >
    </item>

    <item 
        name        = "UPOINT_ZUUL_AUTHORIZATION_TOKEN"  
        required    = "FALSE" 
        type        = "STRING" 
        scope       = "SESSION" >
    </item>

    <item 
        name        = "USE_CONFIG_MANAGER"  
        required    = "FALSE" 
        type        = "STRING" 
        scope       = "REQUEST" >
    </item>

    <item 
        name        = "USE_CONFIG_MANAGER_CORE_CLIENTPARMS"  
        required    = "FALSE" 
        type        = "STRING" 
        scope       = "SESSION" >
    </item>

    <item 
        name        = "USE_CONFIG_MANAGER_CORE_LRS_LINK"  
        required    = "FALSE" 
        type        = "STRING" 
        scope       = "REQUEST" >
    </item>

    <item 
        name        = "USE_CONFIG_MANAGER_CORE_PARTPARMS"  
        required    = "FALSE" 
        type        = "STRING" 
        scope       = "SESSION" >
    </item>

    <item 
        name        = "USE_CONFIG_MANAGER_CORE_SESSION_TIM"  
        required    = "FALSE" 
        type        = "STRING" 
        scope       = "SESSION" >
    </item>

    <item 
        name        = "USE_CONFIG_MANAGER_CORE_TXT_RESOLVE"  
        required    = "FALSE" 
        type        = "STRING" 
        scope       = "REQUEST" >
    </item>

    <item 
        name        = "USE_DEFAULT_LANGUAGE"  
        required    = "TRUE" 
        type        = "BOOLEAN" 
        scope       = "REQUEST" >
    </item>

    <item 
        name        = "USE_NEW_EXPR_BUILDER"  
        required    = "TRUE" 
        type        = "BOOLEAN" 
        scope       = "SESSION" >
    </item>

    <item 
        name        = "USR_MGMT_TARGET_END_POINT"  
        required    = "TRUE" 
        type        = "STRING" 
        scope       = "REQUEST" >
    </item>

    <item 
        name        = "VANGUARD_TARGET_END_POINT"  
        required    = "FALSE" 
        type        = "STRING" 
        scope       = "REQUEST" >
    </item>

    <item 
        name        = "VANITY_URL"  
        required    = "FALSE" 
        type        = "STRING" 
        scope       = "REQUEST" >
    </item>

    <item 
        name        = "VIRTUALHOLD_TARGET_END_POINT"  
        required    = "FALSE" 
        type        = "STRING" 
        scope       = "REQUEST" >
    </item>

    <item 
        name        = "WEB_ANALYTICS_DOMAIN_NAME"  
        required    = "TRUE" 
        type        = "STRING" 
        scope       = "REQUEST" >
    </item>

    <item 
        name        = "WEB_ANALYTICS_UA_CLIENT_PROPERTY_ID"  
        required    = "TRUE" 
        type        = "STRING" 
        scope       = "SESSION" >
    </item>

    <item 
        name        = "WEB_ANALYTICS_UA_CLIENT_TRACKING"  
        required    = "TRUE" 
        type        = "BOOLEAN" 
        scope       = "SESSION" >
    </item>

    <item 
        name        = "WEB_ANALYTICS_UA_CROSS_PROPERTY_ID"  
        required    = "TRUE" 
        type        = "STRING" 
        scope       = "SESSION" >
    </item>

    <item 
        name        = "WEB_ANALYTICS_UA_CROSS_TRACKING"  
        required    = "TRUE" 
        type        = "BOOLEAN" 
        scope       = "SESSION" >
    </item>

    <item 
        name        = "WORKFORCE_TARGET_END_POINT"  
        required    = "FALSE" 
        type        = "STRING" 
        scope       = "REQUEST" >
    </item>

    <item 
        name        = "YBR_CLIENT_PEDIGREE"  
        required    = "FALSE" 
        type        = "STRING" 
        scope       = "REQUEST" >
    </item>

    <item 
        name        = "YBR_HFIM_TARGET"  
        required    = "FALSE" 
        type        = "STRING" 
        scope       = "SESSION" >
    </item>

    <item 
        name        = "YBR_STATIC_FILE_SERVER"  
        required    = "FALSE" 
        type        = "STRING" 
        scope       = "REQUEST" >
    </item>

    <item 
        name        = "YS_PRVS_MGNT_END_POINT"  
        required    = "FALSE" 
        type        = "STRING" 
        scope       = "REQUEST" >
    </item>

    <item 
        name        = "YSA_FI_UMB_SITE_URL"  
        required    = "FALSE" 
        type        = "STRING" 
        scope       = "SESSION" >
    </item>

    <item 
        name        = "YSA_IMGDOCPATH_TARGET_END_POINT"  
        required    = "FALSE" 
        type        = "STRING" 
        scope       = "REQUEST" >
    </item>

    <item 
        name        = "YSA_IMGTEMPDOCPATH_TARGET_END_POINT"  
        required    = "FALSE" 
        type        = "STRING" 
        scope       = "REQUEST" >
    </item>

    <item 
        name        = "YSA_IMGXMLPATH_TARGET_END_POINT"  
        required    = "FALSE" 
        type        = "STRING" 
        scope       = "REQUEST" >
    </item>

    <item 
        name        = "YSA_TARGET_END_POINT"  
        required    = "TRUE" 
        type        = "STRING" 
        scope       = "REQUEST" >
    </item>

    <item 
        name        = "ZUUL_PROXY"  
        required    = "FALSE" 
        type        = "STRING" 
        scope       = "SESSION" >
    </item>
	 <item 
        name        = "AF_FED_DC_APP_URL"  
        required    = "FALSE" 
        type        = "STRING" 
        scope       = "SESSION" >
    </item>
	

</propertyCatalog>
