<?xml version="1.0" encoding="UTF-8"?>

<!DOCTYPE prprRoot SYSTEM "../../Hewitt/frameworks/properties/property.dtd">

    <prprRoot vrsn_ct="1" name="01995_pscds_portal" extends="runtime/portal/property.portal.r7.04.xml">

            <prpr name = "CM_TARGET_END_POINT" encryptionClass = "com.hewitt.cat.tba.properties.encrypter.NoOpPropertyEncrypter">
                <lcycl name="qa">
                        <prprvl bgdt="2000.01.01 00:00" endt="3000.01.01 00:00">https://services.qa.alight.com/AHServiceGatewayQA/services/alight/CMServices</prprvl>
                </lcycl>
            </prpr>

            <prpr name = "CONTENT_DELETION_ENABLED" encryptionClass = "com.hewitt.cat.tba.properties.encrypter.NoOpPropertyEncrypter">
                <lcycl name="qa">
                        <prprvl bgdt="2000.01.01 00:00" endt="3000.01.01 00:00">true</prprvl>
                </lcycl>
            </prpr>

            <prpr name = "CREDENTIAL_TARGET_END_POINT" encryptionClass = "com.hewitt.cat.tba.properties.encrypter.NoOpPropertyEncrypter">
                <lcycl name="qa">
                        <prprvl bgdt="2000.01.01 00:00" endt="3000.01.01 00:00">https://services.qa.alight.com/AHServiceGatewayQA/services/alight/CredentialMgmtServices</prprvl>
                </lcycl>
            </prpr>

            <prpr name = "DC_TARGET_END_POINT" encryptionClass = "com.hewitt.cat.tba.properties.encrypter.NoOpPropertyEncrypter">
                <lcycl name="qa">
                        <prprvl bgdt="2000.01.01 00:00" endt="3000.01.01 00:00">https://services.qa.alight.com/AHServiceGatewayQA/services/alight/DCServices</prprvl>
                </lcycl>
            </prpr>

            <prpr name = "EDS_LOGO" encryptionClass = "com.hewitt.cat.tba.properties.encrypter.NoOpPropertyEncrypter">
                <lcycl name="pu">
                        <prprvl bgdt="2000.01.01 00:00" endt="3000.01.01 00:00"></prprvl>
                </lcycl>
            </prpr>

            <prpr name = "EMPLOYEE_MGMT_TARGET_END_POINT" encryptionClass = "com.hewitt.cat.tba.properties.encrypter.NoOpPropertyEncrypter">
                <lcycl name="qa">
                        <prprvl bgdt="2000.01.01 00:00" endt="3000.01.01 00:00">https://services.qa.alight.com/AHServiceGatewayQA/services/alight/EmployeeMgmt</prprvl>
                </lcycl>
            </prpr>

            <prpr name = "EMPMGT_TARGET_END_POINT" encryptionClass = "com.hewitt.cat.tba.properties.encrypter.NoOpPropertyEncrypter">
                <lcycl name="qa">
                        <prprvl bgdt="2000.01.01 00:00" endt="3000.01.01 00:00">https://services.qa.alight.com/AHServiceGatewayQA/services/alight/EmployeeMgmt</prprvl>
                </lcycl>
            </prpr>

            <prpr name = "GLOBALMSGCENTER_TARGET_END_POINT" encryptionClass = "com.hewitt.cat.tba.properties.encrypter.NoOpPropertyEncrypter">
                <lcycl name="qa">
                        <prprvl bgdt="2000.01.01 00:00" endt="3000.01.01 00:00">https://services.qa.alight.com/AHServiceGatewayQA/services/alight/GlobalMessageCenter</prprvl>
                </lcycl>
            </prpr>

            <prpr name = "HRBPO_TARGET_END_POINT" encryptionClass = "com.hewitt.cat.tba.properties.encrypter.NoOpPropertyEncrypter">
                <lcycl name="qa">
                        <prprvl bgdt="2000.01.01 00:00" endt="3000.01.01 00:00">https://services.qa.alight.com/AHServiceGatewayQA/services/alight/GlobalMessageCenter</prprvl>
                </lcycl>
            </prpr>

            <prpr name = "LOGOUT_URL_BPO" encryptionClass = "com.hewitt.cat.tba.properties.encrypter.NoOpPropertyEncrypter">
                <lcycl name="qa">
                        <prprvl bgdt="2000.01.01 00:00" endt="3000.01.01 00:00">https://hitlb02.hrbpo.hewitt.com/myHRMARTUP/Redirector?id=Logout</prprvl>
                </lcycl>
            </prpr>

            <prpr name = "PERSON_DC_PLAN_TARGET_END_POINT" encryptionClass = "com.hewitt.cat.tba.properties.encrypter.NoOpPropertyEncrypter">
                <lcycl name="qa">
                        <prprvl bgdt="2000.01.01 00:00" endt="3000.01.01 00:00">https://services.qa.alight.com/AHServiceGatewayQA/services/alight/PersonDcPlan</prprvl>
                </lcycl>
            </prpr>

            <prpr name = "PERSON_MGMT_TARGET_END_POINT" encryptionClass = "com.hewitt.cat.tba.properties.encrypter.NoOpPropertyEncrypter">
                <lcycl name="qa">
                        <prprvl bgdt="2000.01.01 00:00" endt="3000.01.01 00:00">https://services.qa.alight.com/AHServiceGatewayQA/services/alight/PersonMgmt</prprvl>
                </lcycl>
            </prpr>

            <prpr name = "PRSNMGMT_TARGET_END_POINT" encryptionClass = "com.hewitt.cat.tba.properties.encrypter.NoOpPropertyEncrypter">
                <lcycl name="pu">
                        <prprvl bgdt="2000.01.01 00:00" endt="3000.01.01 00:00">https://int-services.alight.com/ProcessEngineWeb/services/alight/PersonMessaging</prprvl>
                </lcycl>
                <lcycl name="qc">
                        <prprvl bgdt="2000.01.01 00:00" endt="3000.01.01 00:00">https://int-services.qc.alight.com/ProcessEngineWeb/services/alight/PersonMessaging</prprvl>
                </lcycl>
                <lcycl name="qa">
                        <prprvl bgdt="2000.01.01 00:00" endt="3000.01.01 00:00">https://services.qa.alight.com/AHServiceGatewayQA/services/alight/PersonMessaging</prprvl>
                </lcycl>
            </prpr>

            <prpr name = "VANITY_URL" encryptionClass = "com.hewitt.cat.tba.properties.encrypter.NoOpPropertyEncrypter">
                <lcycl name="qa">
                        <prprvl bgdt="2000.01.01 00:00" endt="3000.01.01 00:00">http://test.resources.hewitt.com/qa/marriott</prprvl>
                </lcycl>
            </prpr>

            <prpr name = "WEB_ANALYTICS_UA_CLIENT_PROPERTY_ID" encryptionClass = "com.hewitt.cat.tba.properties.encrypter.NoOpPropertyEncrypter">
                <lcycl name="qa">
                        <prprvl bgdt="2000.01.01 00:00" endt="3000.01.01 00:00">UA-46742929-2</prprvl>
                </lcycl>
            </prpr>
    </prprRoot>
