<?xml version="1.0" encoding="UTF-8"?>
<!DOCTYPE hibernate-mapping PUBLIC
"-//Hibernate/Hibernate Mapping DTD 3.0//EN"
"http://hibernate.sourceforge.net/hibernate-mapping-3.0.dtd">

<hibernate-mapping
	package="com.aonhewitt.portal.configuration.modules.namespace.model">

	<class name="BaseNamespaceRepoConfig" table="BASE_NMSP_RPST" lazy="false"
		mutable="true">
		<id name="nodeId" type="string" length="255">
			<column name="NMSP_INTN_NM" sql-type="varchar(255)" />
			<generator class="assigned" />
		</id>
		<property name="endDate" column="END_DT" type="date" />
		<property name="beginDate" column="BEG_DT" type="date" />
		<property name="desc" column="NMSP_DESC" />
		<property name="nmspDispNm" column="NMSP_DISP_NM" />
		<property name="nmspSwch" column="NMSP_SWCH" />
		<property name="releaseNm" column="RELEASE_NM" />
		<property name="status" column="NMSP_STATUS" />
		<!-- Audit -->
		<property column="CRT_DT" name="createdDate" />
		<property column="CRT_BY" name="createdBy" />
		<property column="LST_UPD_BY" name="updatedBy" />
		<property column="LST_UPD_DT" name="updatedDate" />
	</class>
</hibernate-mapping>