<?xml version="1.0" encoding="UTF-8"?>
<!DOCTYPE hibernate-mapping PUBLIC "-//Hibernate/Hibernate Mapping DTD 3.0//EN"
                                   "http://hibernate.sourceforge.net/hibernate-mapping-3.0.dtd">
<hibernate-mapping package="com.aonhewitt.portal.configuration.modules.namespace.model">
 <class lazy="false" mutable="true" name="BaseNamespaceRepoSwchTypeConfig" table="BASE_NMSP_RPST">
  <composite-id mapped="false" unsaved-value="undefined">
   <key-property name="nodeId" type="string" length="255">
    <column name="NMSP_INTN_NM" sql-type="varchar(255)"/>
   </key-property>
   <key-property column="TYPE_SEQ_NO" name="seqNo"/>
  </composite-id>
  <property generated="never" lazy="false" name="childId">
   <column name="NMSP_TYPE_ID" sql-type="char(1)"/>
  </property>
 </class>
</hibernate-mapping>