<?xml version="1.0" encoding="UTF-8"?>
<!DOCTYPE hibernate-mapping PUBLIC
"-//Hibernate/Hibernate Mapping DTD 3.0//EN"
"http://hibernate.sourceforge.net/hibernate-mapping-3.0.dtd">

<hibernate-mapping
	package="com.aonhewitt.portal.configuration.modules.namespace.model">

	<class name="BaseNamespaceSwchTypeConfig" table="BASE_NMSP_SWCH_TYPE_DFN" lazy="false"
		mutable="true">
		<id name="nodeId" type="string">
			<column name="NMSP_TYPE_ID"/>
			<generator class="assigned" />
		</id>
		<property name="endDate" column="END_DT" type="date" />
		<property name="beginDate" column="BEG_DT" type="date" />
		<property name="desc" column="TYPE_DESC" />
		<property name="typeNm" column="TYPE_NM" />
		<!-- Audit -->
		<property column="CRT_DT" name="createdDate" />
		<property column="CRT_BY" name="createdBy" />
		<property column="LST_UPD_BY" name="updatedBy" />
		<property column="LST_UPD_DT" name="updatedDate" />
	</class>
</hibernate-mapping>