<?xml version="1.0"?>
<!-- Entry for all modules go here -->
<modules>
	<module id="NAMESPACE" desc="NAMESPACE" baseAutoSubscribe="true" isUPoint="true">							
			<!-- Query Names for loading Base Provisions -->
			<loader type="BASE" name="baseLoader">
				<query id="NMSPREPO">from BaseNamespaceRepoConfig nmrepo</query>
				<query id="NMSPSWCHTYPE">from BaseNamespaceSwchTypeConfig nmswchtype</query>
				<query id="NMSPREPONMSPHRCHY">from BaseNamespaceRepoHrchyConfig nmrepohrchy where nmrepohrchy.childId is NOT NULL order by nmrepohrchy.seqNo</query>
				<query id="NMSPREPONMSPSWCHTYPE">from BaseNamespaceRepoSwchTypeConfig nmreposwchtype where nmreposwchtype.childId is NOT NULL order by nmreposwchtype.nodeId,nmreposwchtype.seqNo</query>
			</loader>				
			<!--<loader type="CLIENT" name="clientLoader">
				<query id="NMSPREPO">from NamespaceRepoConfig nmrepo where nmrepo.lineage=?</query>
				<query id="NMSPSWCHTYPE">from NamespaceSwchTypeConfig nmswchtype where nmswchtype.lineage=?</query>
				<query id="NMSPREPONMSPHRCHY">from NamespaceRepoHrchyConfig nmrepohrchy where nmrepohrchy.lineage=? and nmrepohrchy.childId is NOT NULL order by nmrepohrchy.nodeId,nmrepohrchy.seqNo</query>
				<query id="NMSPREPONMSPSWCHTYPE">from NamespaceRepoSwchTypeConfig nmreposwchtype where nmreposwchtype.lineage=? and nmreposwchtype.childId is NOT NULL order by nmreposwchtype.nodeId,nmreposwchtype.seqNo</query>
			</loader>-->		
			<resolver type="BASE" name="baseResolver" />	
			<!--<resolver type="CLIENT" name="clientResolver" />-->
			<relation>
				<parent id="NMSPREPO" targetLvl="true">
					<child id="NMSPREPO" charId="NMSPREPONMSPHRCHY"/>			
					<child id="NMSPSWCHTYPE" charId="NMSPREPONMSPSWCHTYPE"/>							
				</parent>			
				<parent id="NMSPSWCHTYPE" />	
			</relation>
	</module>
</modules>