<?xml version="1.0" encoding="UTF-8" standalone="yes"?>
<AHUsers>
	<AHUser>
		<Prefix>Mr.</Prefix>
		<FName>FName</FName>
		<MName>MName</MName>
		<LName>LName</LName>
		<Suffix>suffix</Suffix>
		<FullName></FullName>
		<AddressLine1>addressline1</AddressLine1>
		<AddressLine2>Noida</AddressLine2>
		<City>city</City>
		<State>state</State>
		<Zip>zip</Zip>
		<Country>USA</Country>
		<DateOfBirth>20-11-1985</DateOfBirth>
		<AdminId>admin Id</AdminId>
		<AdminPwd>adminpwd</AdminPwd>
		<Role>role</Role>
		<AuthLin>lineage1,lineage12</AuthLin>
		<Age>age</Age>
		<Gender>gender</Gender>
		<Email>email</Email>
		<PersonId>44336</PersonId>
		<UserId>44336</UserId>
		<Locale>en_US</Locale>
		<EntryPoint>LOGON</EntryPoint>
		<ScreenReader>false</ScreenReader>
		<LRUSR>
			<ScreenName>screenName11</ScreenName>
			<Email>test@test.com</Email>
		</LRUSR>
		<TBAUSERS>
			<TBAUSR>
				<Lineage>19921_1.0</Lineage>
				<ClientId>Client Id</ClientId>
				<ModelId>Model Id</ModelId>
				<PersonId>44336</PersonId>
				<EEId>EEId</EEId>
				<TaxPayerId>Tax Payer Id</TaxPayerId>
				<IsPrimaryAccount>true</IsPrimaryAccount>
				<PersonInternalId>Person Internal Id</PersonInternalId>
				<OriginatorId>OriginatorId</OriginatorId>
				<PersonReasonCode>Person Reason Code</PersonReasonCode>
				<SharedAccessCode>Shared Access Code </SharedAccessCode>
				<OriginatorFullName>Orig Full Name</OriginatorFullName>
				<TestCfg>Test Cfg</TestCfg>
				<UpdateAccessCd>Update Access Code </UpdateAccessCd>
			</TBAUSR>
			<TBAUSR>
				<Lineage></Lineage>
				<ClientId></ClientId>
				<ModelId></ModelId>
				<PersonId></PersonId>
				<EEId></EEId>
				<TaxPayerId></TaxPayerId>
				<IsPrimaryAccount></IsPrimaryAccount>
				<PersonInternalId></PersonInternalId>
				<OriginatorId></OriginatorId>
				<PersonReasonCode></PersonReasonCode>
				<SharedAccessCode></SharedAccessCode>
				<OriginatorFullName></OriginatorFullName>
				<TestCfg></TestCfg>
				<UpdateAccessCd></UpdateAccessCd>
			</TBAUSR>
		</TBAUSERS>
		<BPO_USERS>
			<BPOUSR>
				<Lineage>19921_PSCDS_1.0</Lineage>
				<ClientId>19921</ClientId>
				<ModelId>PSCDS</ModelId>
				<TransId>D$EB</TransId>
				<EmployeeId>44336</EmployeeId>
				<InternalId>0017602</InternalId>
				<EmployeeStatus>Active</EmployeeStatus>
				<EmployeeType>EE</EmployeeType>
				<EmployeeRole>E</EmployeeRole>
			</BPOUSR> 
			<BPOUSR>
				<Lineage>19921_PSCDS_1.0</Lineage>
				<ClientId>19921</ClientId>
				<ModelId>PSCDS</ModelId>
				<TransId>D$EB</TransId>
				<EmployeeId>44336</EmployeeId>
				<InternalId>0017602</InternalId>
				<EmployeeStatus>Active</EmployeeStatus>
				<EmployeeType>EE</EmployeeType>
				<EmployeeRole>M</EmployeeRole>
			</BPOUSR> 						
		</BPO_USERS>
	</AHUser>
	<AHUser>
		<Prefix>Mr.</Prefix>
		<FName>FName</FName>
		<MName>MName</MName>
		<LName>LName</LName>
		<Suffix>suffix</Suffix>
		<FullName></FullName>
		<AddressLine1>addressline1</AddressLine1>
		<AddressLine2>Noida</AddressLine2>
		<City>city</City>
		<State>state</State>
		<Zip>zip</Zip>
		<Country>USA</Country>
		<DateOfBirth>20-11-1985</DateOfBirth>
		<AdminId>admin Id</AdminId>
		<AdminPwd>adminpwd</AdminPwd>
		<Role>role</Role>
		<AuthLin>lineage1,lineage12</AuthLin>
		<Age>age</Age>
		<Gender>gender</Gender>
		<Email>email</Email>
		<PersonId>21227</PersonId>
		<UserId>dhall</UserId>
		<Locale>en_US</Locale>
		<EntryPoint>LOGON</EntryPoint>
		<ScreenReader>false</ScreenReader>
		<LRUSR>
			<ScreenName>screenName11</ScreenName>
			<Email>test@test.com</Email>
		</LRUSR>
		<TBAUSERS>
			<TBAUSR>
				<Lineage>19941_1.0</Lineage>
				<ClientId>Client Id</ClientId>
				<ModelId>Model Id</ModelId>
				<PersonId>21227</PersonId>
				<EEId>EEId</EEId>
				<TaxPayerId>Tax Payer Id</TaxPayerId>
				<IsPrimaryAccount>true</IsPrimaryAccount>
				<PersonInternalId>Person Internal Id</PersonInternalId>
				<OriginatorId>OriginatorId</OriginatorId>
				<PersonReasonCode>Person Reason Code</PersonReasonCode>
				<SharedAccessCode>Shared Access Code </SharedAccessCode>
				<OriginatorFullName>Orig Full Name</OriginatorFullName>
				<TestCfg>Test Cfg</TestCfg>
				<UpdateAccessCd>Update Access Code </UpdateAccessCd>
			</TBAUSR>
			<TBAUSR>
				<Lineage></Lineage>
				<ClientId></ClientId>
				<ModelId></ModelId>
				<PersonId></PersonId>
				<EEId></EEId>
				<TaxPayerId></TaxPayerId>
				<IsPrimaryAccount></IsPrimaryAccount>
				<PersonInternalId></PersonInternalId>
				<OriginatorId></OriginatorId>
				<PersonReasonCode></PersonReasonCode>
				<SharedAccessCode></SharedAccessCode>
				<OriginatorFullName></OriginatorFullName>
				<TestCfg></TestCfg>
				<UpdateAccessCd></UpdateAccessCd>
			</TBAUSR>
		</TBAUSERS>
		<BPO_USERS>
			<BPOUSR>
				<Lineage>19941_0WKDY_1.0</Lineage>
				<ClientId>19941</ClientId>
				<ModelId>0WKDY</ModelId>
				<TransId>D$EB</TransId>
				<EmployeeId>21227</EmployeeId>
				<InternalId>9960fb7a945743e9846235b897b7a6ac</InternalId>
				<EmployeeStatus>Active</EmployeeStatus>
				<EmployeeType>EE</EmployeeType>
				<EmployeeRole>E</EmployeeRole>
			</BPOUSR>
			<BPOUSR>
				<Lineage>19941_0WKDY_1.0</Lineage>
				<ClientId>19941</ClientId>
				<ModelId>0WKDY</ModelId>
				<TransId>D$EB</TransId>
				<EmployeeId>21227</EmployeeId>
				<InternalId>9960fb7a945743e9846235b897b7a6ac</InternalId>
				<EmployeeStatus>Active</EmployeeStatus>
				<EmployeeType>EE</EmployeeType>
				<EmployeeRole>M</EmployeeRole>
			</BPOUSR>
			<BPOUSR>
				<Lineage>19941_0WKDY_1.0</Lineage>
				<ClientId>19941</ClientId>
				<ModelId>0WKDY</ModelId>
				<TransId>D$EB</TransId>
				<EmployeeId>21227</EmployeeId>
				<InternalId>9960fb7a945743e9846235b897b7a6ac</InternalId>
				<EmployeeStatus>Active</EmployeeStatus>
				<EmployeeType>EE</EmployeeType>
				<EmployeeRole>H</EmployeeRole>
			</BPOUSR>			
		</BPO_USERS>
	</AHUser>
	<AHUser>
		<Prefix>Mr.</Prefix>
		<FName>FName</FName>
		<MName>MName</MName>
		<LName>LName</LName>
		<Suffix>suffix</Suffix>
		<FullName></FullName>
		<AddressLine1>addressline1</AddressLine1>
		<AddressLine2>Noida</AddressLine2>
		<City>city</City>
		<State>state</State>
		<Zip>zip</Zip>
		<Country>USA</Country>
		<DateOfBirth>20-11-1985</DateOfBirth>
		<AdminId>admin Id</AdminId>
		<AdminPwd>adminpwd</AdminPwd>
		<Role>role</Role>
		<AuthLin>lineage1,lineage12</AuthLin>
		<Age>age</Age>
		<Gender>gender</Gender>
		<Email>email</Email>
		<PersonId>21193</PersonId>
		<UserId>dparker</UserId>		
		<Locale>en_US</Locale>
		<EntryPoint>LOGON</EntryPoint>
		<ScreenReader>false</ScreenReader>
		<LRUSR>
			<ScreenName>screenName11</ScreenName>
			<Email>test@test.com</Email>
		</LRUSR>
		<TBAUSERS>
			<TBAUSR>
				<Lineage>19941_1.0</Lineage>
				<ClientId>Client Id</ClientId>
				<ModelId>Model Id</ModelId>
				<PersonId>21193</PersonId>
				<EEId>EEId</EEId>
				<TaxPayerId>Tax Payer Id</TaxPayerId>
				<IsPrimaryAccount>true</IsPrimaryAccount>
				<PersonInternalId>Person Internal Id</PersonInternalId>
				<OriginatorId>OriginatorId</OriginatorId>
				<PersonReasonCode>Person Reason Code</PersonReasonCode>
				<SharedAccessCode>Shared Access Code </SharedAccessCode>
				<OriginatorFullName>Orig Full Name</OriginatorFullName>
				<TestCfg>Test Cfg</TestCfg>
				<UpdateAccessCd>Update Access Code </UpdateAccessCd>
			</TBAUSR>
			<TBAUSR>
				<Lineage></Lineage>
				<ClientId></ClientId>
				<ModelId></ModelId>
				<PersonId></PersonId>
				<EEId></EEId>
				<TaxPayerId></TaxPayerId>
				<IsPrimaryAccount></IsPrimaryAccount>
				<PersonInternalId></PersonInternalId>
				<OriginatorId></OriginatorId>
				<PersonReasonCode></PersonReasonCode>
				<SharedAccessCode></SharedAccessCode>
				<OriginatorFullName></OriginatorFullName>
				<TestCfg></TestCfg>
				<UpdateAccessCd></UpdateAccessCd>
			</TBAUSR>
		</TBAUSERS>
		<BPO_USERS>
			<BPOUSR>
				<Lineage>19941_0WKDY_1.0</Lineage>
				<ClientId>19941</ClientId>
				<ModelId>0WKDY</ModelId>
				<TransId>D$EB</TransId>
				<EmployeeId>21193</EmployeeId>
				<InternalId>c9723434addf4404ba76f328c4d72621</InternalId>
				<EmployeeStatus>Active</EmployeeStatus>
				<EmployeeType>EE</EmployeeType>
				<EmployeeRole>E</EmployeeRole>
			</BPOUSR>
			<BPOUSR>
				<Lineage>19941_0WKDY_1.0</Lineage>
				<ClientId>19941</ClientId>
				<ModelId>0WKDY</ModelId>
				<TransId>D$EB</TransId>
				<EmployeeId>21193</EmployeeId>
				<InternalId>c9723434addf4404ba76f328c4d72621</InternalId>
				<EmployeeStatus>Active</EmployeeStatus>
				<EmployeeType>EE</EmployeeType>
				<EmployeeRole>M</EmployeeRole>
			</BPOUSR>
			<BPOUSR>
				<Lineage>19941_0WKDY_1.0</Lineage>
				<ClientId>19941</ClientId>
				<ModelId>0WKDY</ModelId>
				<TransId>D$EB</TransId>
				<EmployeeId>21193</EmployeeId>
				<InternalId>c9723434addf4404ba76f328c4d72621</InternalId>
				<EmployeeStatus>Active</EmployeeStatus>
				<EmployeeType>EE</EmployeeType>
				<EmployeeRole>H</EmployeeRole>
			</BPOUSR>			
		</BPO_USERS>
	</AHUser>
	<AHUser>
		<Prefix>Mr.</Prefix>
		<FName>FName</FName>
		<MName>MName</MName>
		<LName>LName</LName>
		<Suffix>suffix</Suffix>
		<FullName></FullName>
		<AddressLine1>addressline1</AddressLine1>
		<AddressLine2>Noida</AddressLine2>
		<City>city</City>
		<State>state</State>
		<Zip>zip</Zip>
		<Country>USA</Country>
		<DateOfBirth>20-11-1985</DateOfBirth>
		<AdminId>admin Id</AdminId>
		<AdminPwd>adminpwd</AdminPwd>
		<Role>role</Role>
		<AuthLin>lineage1,lineage12</AuthLin>
		<Age>age</Age>
		<Gender>gender</Gender>
		<Email>email</Email>
		<PersonId>21222</PersonId>
		<UserId>acasias</UserId>			
		<Locale>en_US</Locale>
		<EntryPoint>LOGON</EntryPoint>
		<ScreenReader>false</ScreenReader>
		<LRUSR>
			<ScreenName>screenName11</ScreenName>
			<Email>test@test.com</Email>
		</LRUSR>
		<TBAUSERS>
			<TBAUSR>
				<Lineage>19941_1.0</Lineage>
				<ClientId>Client Id</ClientId>
				<ModelId>Model Id</ModelId>
				<PersonId>21193</PersonId>
				<EEId>EEId</EEId>
				<TaxPayerId>Tax Payer Id</TaxPayerId>
				<IsPrimaryAccount>true</IsPrimaryAccount>
				<PersonInternalId>Person Internal Id</PersonInternalId>
				<OriginatorId>OriginatorId</OriginatorId>
				<PersonReasonCode>Person Reason Code</PersonReasonCode>
				<SharedAccessCode>Shared Access Code </SharedAccessCode>
				<OriginatorFullName>Orig Full Name</OriginatorFullName>
				<TestCfg>Test Cfg</TestCfg>
				<UpdateAccessCd>Update Access Code </UpdateAccessCd>
			</TBAUSR>
			<TBAUSR>
				<Lineage></Lineage>
				<ClientId></ClientId>
				<ModelId></ModelId>
				<PersonId></PersonId>
				<EEId></EEId>
				<TaxPayerId></TaxPayerId>
				<IsPrimaryAccount></IsPrimaryAccount>
				<PersonInternalId></PersonInternalId>
				<OriginatorId></OriginatorId>
				<PersonReasonCode></PersonReasonCode>
				<SharedAccessCode></SharedAccessCode>
				<OriginatorFullName></OriginatorFullName>
				<TestCfg></TestCfg>
				<UpdateAccessCd></UpdateAccessCd>
			</TBAUSR>
		</TBAUSERS>
		<BPO_USERS>
			<BPOUSR>
				<Lineage>19941_0WKDY_1.0</Lineage>
				<ClientId>19941</ClientId>
				<ModelId>0WKDY</ModelId>
				<TransId>D$EB</TransId>
				<EmployeeId>21222</EmployeeId>
				<InternalId>b188145dfd814a9db1e8da18598da907</InternalId>
				<EmployeeStatus>Active</EmployeeStatus>
				<EmployeeType>EE</EmployeeType>
				<EmployeeRole>E</EmployeeRole>
			</BPOUSR>
			<BPOUSR>
				<Lineage>19941_0WKDY_1.0</Lineage>
				<ClientId>19941</ClientId>
				<ModelId>0WKDY</ModelId>
				<TransId>D$EB</TransId>
				<EmployeeId>21222</EmployeeId>
				<InternalId>b188145dfd814a9db1e8da18598da907</InternalId>
				<EmployeeStatus>Active</EmployeeStatus>
				<EmployeeType>EE</EmployeeType>
				<EmployeeRole>M</EmployeeRole>
			</BPOUSR>
			<BPOUSR>
				<Lineage>19941_0WKDY_1.0</Lineage>
				<ClientId>19941</ClientId>
				<ModelId>0WKDY</ModelId>
				<TransId>D$EB</TransId>
				<EmployeeId>21222</EmployeeId>
				<InternalId>b188145dfd814a9db1e8da18598da907</InternalId>
				<EmployeeStatus>Active</EmployeeStatus>
				<EmployeeType>EE</EmployeeType>
				<EmployeeRole>H</EmployeeRole>
			</BPOUSR>			
		</BPO_USERS>
	</AHUser>
	<AHUser>
		<Prefix>Mr.</Prefix>
		<FName>FName</FName>
		<MName>MName</MName>
		<LName>LName</LName>
		<Suffix>suffix</Suffix>
		<FullName></FullName>
		<AddressLine1>addressline1</AddressLine1>
		<AddressLine2>Noida</AddressLine2>
		<City>city</City>
		<State>state</State>
		<Zip>zip</Zip>
		<Country>USA</Country>
		<DateOfBirth>20-11-1985</DateOfBirth>
		<AdminId>admin Id</AdminId>
		<AdminPwd>adminpwd</AdminPwd>
		<Role>role</Role>
		<AuthLin>lineage1,lineage12</AuthLin>
		<Age>age</Age>
		<Gender>gender</Gender>
		<Email>email</Email>
		<PersonId>21223</PersonId>
		<UserId>bkaplan</UserId>		
		<Locale>en_US</Locale>
		<EntryPoint>LOGON</EntryPoint>
		<ScreenReader>false</ScreenReader>
		<LRUSR>
			<ScreenName>screenName11</ScreenName>
			<Email>test@test.com</Email>
		</LRUSR>
		<TBAUSERS>
			<TBAUSR>
				<Lineage>19941_1.0</Lineage>
				<ClientId>Client Id</ClientId>
				<ModelId>Model Id</ModelId>
				<PersonId>21223</PersonId>
				<EEId>EEId</EEId>
				<TaxPayerId>Tax Payer Id</TaxPayerId>
				<IsPrimaryAccount>true</IsPrimaryAccount>
				<PersonInternalId>Person Internal Id</PersonInternalId>
				<OriginatorId>OriginatorId</OriginatorId>
				<PersonReasonCode>Person Reason Code</PersonReasonCode>
				<SharedAccessCode>Shared Access Code </SharedAccessCode>
				<OriginatorFullName>Orig Full Name</OriginatorFullName>
				<TestCfg>Test Cfg</TestCfg>
				<UpdateAccessCd>Update Access Code </UpdateAccessCd>
			</TBAUSR>
			<TBAUSR>
				<Lineage></Lineage>
				<ClientId></ClientId>
				<ModelId></ModelId>
				<PersonId></PersonId>
				<EEId></EEId>
				<TaxPayerId></TaxPayerId>
				<IsPrimaryAccount></IsPrimaryAccount>
				<PersonInternalId></PersonInternalId>
				<OriginatorId></OriginatorId>
				<PersonReasonCode></PersonReasonCode>
				<SharedAccessCode></SharedAccessCode>
				<OriginatorFullName></OriginatorFullName>
				<TestCfg></TestCfg>
				<UpdateAccessCd></UpdateAccessCd>
			</TBAUSR>
		</TBAUSERS>
		<BPO_USERS>
			<BPOUSR>
				<Lineage>19941_0WKDY_1.0</Lineage>
				<ClientId>19941</ClientId>
				<ModelId>0WKDY</ModelId>
				<TransId>D$EB</TransId>
				<EmployeeId>21223</EmployeeId>
				<InternalId>8b13b03fe09941cbb927083083a73cca</InternalId>
				<EmployeeStatus>Active</EmployeeStatus>
				<EmployeeType>EE</EmployeeType>
				<EmployeeRole>E</EmployeeRole>
			</BPOUSR>
			<BPOUSR>
				<Lineage>19941_0WKDY_1.0</Lineage>
				<ClientId>19941</ClientId>
				<ModelId>0WKDY</ModelId>
				<TransId>D$EB</TransId>
				<EmployeeId>21223</EmployeeId>
				<InternalId>8b13b03fe09941cbb927083083a73cca</InternalId>
				<EmployeeStatus>Active</EmployeeStatus>
				<EmployeeType>EE</EmployeeType>
				<EmployeeRole>M</EmployeeRole>
			</BPOUSR>
			<BPOUSR>
				<Lineage>19941_0WKDY_1.0</Lineage>
				<ClientId>19941</ClientId>
				<ModelId>0WKDY</ModelId>
				<TransId>D$EB</TransId>
				<EmployeeId>21223</EmployeeId>
				<InternalId>8b13b03fe09941cbb927083083a73cca</InternalId>
				<EmployeeStatus>Active</EmployeeStatus>
				<EmployeeType>EE</EmployeeType>
				<EmployeeRole>H</EmployeeRole>
			</BPOUSR>			
		</BPO_USERS>
	</AHUser>
	<AHUser>
		<Prefix>Mr.</Prefix>
		<FName>FName</FName>
		<MName>MName</MName>
		<LName>LName</LName>
		<Suffix>suffix</Suffix>
		<FullName></FullName>
		<AddressLine1>addressline1</AddressLine1>
		<AddressLine2>Noida</AddressLine2>
		<City>city</City>
		<State>state</State>
		<Zip>zip</Zip>
		<Country>USA</Country>
		<DateOfBirth>20-11-1985</DateOfBirth>
		<AdminId>admin Id</AdminId>
		<AdminPwd>adminpwd</AdminPwd>
		<Role>role</Role>
		<AuthLin>lineage1,lineage12</AuthLin>
		<Age>age</Age>
		<Gender>gender</Gender>
		<Email>email</Email>
		<PersonId>21011</PersonId>
		<UserId>iarguello</UserId>			
		<Locale>en_US</Locale>
		<EntryPoint>LOGON</EntryPoint>
		<ScreenReader>false</ScreenReader>
		<LRUSR>
			<ScreenName>screenName11</ScreenName>
			<Email>test@test.com</Email>
		</LRUSR>
		<TBAUSERS>
			<TBAUSR>
				<Lineage>19941_1.0</Lineage>
				<ClientId>Client Id</ClientId>
				<ModelId>Model Id</ModelId>
				<PersonId>21011</PersonId>
				<EEId>EEId</EEId>
				<TaxPayerId>Tax Payer Id</TaxPayerId>
				<IsPrimaryAccount>true</IsPrimaryAccount>
				<PersonInternalId>Person Internal Id</PersonInternalId>
				<OriginatorId>OriginatorId</OriginatorId>
				<PersonReasonCode>Person Reason Code</PersonReasonCode>
				<SharedAccessCode>Shared Access Code </SharedAccessCode>
				<OriginatorFullName>Orig Full Name</OriginatorFullName>
				<TestCfg>Test Cfg</TestCfg>
				<UpdateAccessCd>Update Access Code </UpdateAccessCd>
			</TBAUSR>
			<TBAUSR>
				<Lineage></Lineage>
				<ClientId></ClientId>
				<ModelId></ModelId>
				<PersonId></PersonId>
				<EEId></EEId>
				<TaxPayerId></TaxPayerId>
				<IsPrimaryAccount></IsPrimaryAccount>
				<PersonInternalId></PersonInternalId>
				<OriginatorId></OriginatorId>
				<PersonReasonCode></PersonReasonCode>
				<SharedAccessCode></SharedAccessCode>
				<OriginatorFullName></OriginatorFullName>
				<TestCfg></TestCfg>
				<UpdateAccessCd></UpdateAccessCd>
			</TBAUSR>
		</TBAUSERS>
		<BPO_USERS>
			<BPOUSR>
				<Lineage>19941_0WKDY_1.0</Lineage>
				<ClientId>19941</ClientId>
				<ModelId>0WKDY</ModelId>
				<TransId>D$EB</TransId>
				<EmployeeId>21011</EmployeeId>
				<InternalId>aeffe1162aa34599a9f9e140cf03f705</InternalId>
				<EmployeeStatus>Active</EmployeeStatus>
				<EmployeeType>EE</EmployeeType>
				<EmployeeRole>E</EmployeeRole>
			</BPOUSR>
			<BPOUSR>
				<Lineage>19941_0WKDY_1.0</Lineage>
				<ClientId>19941</ClientId>
				<ModelId>0WKDY</ModelId>
				<TransId>D$EB</TransId>
				<EmployeeId>21011</EmployeeId>
				<InternalId>aeffe1162aa34599a9f9e140cf03f705</InternalId>
				<EmployeeStatus>Active</EmployeeStatus>
				<EmployeeType>EE</EmployeeType>
				<EmployeeRole>M</EmployeeRole>
			</BPOUSR>
			<BPOUSR>
				<Lineage>19941_0WKDY_1.0</Lineage>
				<ClientId>19941</ClientId>
				<ModelId>0WKDY</ModelId>
				<TransId>D$EB</TransId>
				<EmployeeId>21011</EmployeeId>
				<InternalId>aeffe1162aa34599a9f9e140cf03f705</InternalId>
				<EmployeeStatus>Active</EmployeeStatus>
				<EmployeeType>EE</EmployeeType>
				<EmployeeRole>H</EmployeeRole>
			</BPOUSR>			
		</BPO_USERS>
	</AHUser>
</AHUsers>