<?xml version="1.0"?>
<!DOCTYPE hibernate-mapping PUBLIC "-//Hibernate/Hibernate Mapping DTD 3.0//EN"
"http://hibernate.sourceforge.net/hibernate-mapping-3.0.dtd">
<!-- Generated May 28, 2013 11:08:24 AM by Hibernate Tools 3.4.0.CR1 -->
<hibernate-mapping package="com.aonhewitt.portal.core.tooling.audit.model">
	<class name="BaseAuditConfig" table="BASE_AUDIT_CNFG" dynamic-insert="true" >
		<id name="id" type="string">
			<column name="ADT_ID" length="40" />
			<generator class="assigned" />
		</id>
		<property name="lastUpdatedTime" column="LST_UPD_DT" />
		<property name="lastUpdatedBy" type="string" column="LST_UPD_BY" length="256"/>
		<property name="system" type="string" column="SYSTM_NM" length="128"/>
		<property name="systemId" type="string" column="SYSTM_ID" length="128"/>
		<property name="operationTool" type="string" column="OPR_TOOL" length="64"/>
		<property name="operationType" type="string" column="OPR_TYPE" length="64"/>
		<property name="comments" type="string" column="CMNTS" length="512"/>	
		<property name="changeDesc" type="string" column="CHANGE_DESC" length="1024"/>	
	</class>
</hibernate-mapping>