<?xml version="1.0"?>
<!DOCTYPE hibernate-mapping PUBLIC "-//Hibernate/Hibernate Mapping DTD 3.0//EN"
"http://hibernate.sourceforge.net/hibernate-mapping-3.0.dtd">
<!-- Generated May 28, 2013 11:08:24 AM by Hibernate Tools 3.4.0.CR1 -->
<hibernate-mapping package="com.aonhewitt.portal.core.tooling.audit.model">
	<class name="BaseAuditEventConfig" table="BASE_AUDIT_EVNT_CNFG" dynamic-insert="true">
		<id name="auditEventId" type="string">
			<column name="ADT_EVNT_ID" length="40" />
			<generator class="assigned" />
		</id>
		<property name="auditId" type="string" column="ADT_ID" length="40"/>
		<property name="eventSq" type="java.lang.Integer" column="EVNT_SQ" />
		<property name="objectClass" type="string" column="OBJCT_CLSS" length="512"/>
		<property name="dmlOperation" column="DML_OPR">
			<type name="org.hibernate.type.EnumType">
				<param name="enumClass">com.aonhewitt.portal.core.tooling.audit.model.AuditDmlOperation</param>
				<param name="type">12</param>
			</type>
		</property>
		<property name="nodeId" type="string" column="NODE_ID" length="40"/>
		<property name="auditNodeId" type="string" column="ADT_NODE_ID" length="40"/>
	</class>
</hibernate-mapping>


