<?xml version="1.0" encoding="UTF-8"?>

<!DOCTYPE prprRoot SYSTEM "../../Hewitt/frameworks/properties/property.dtd">

    <prprRoot vrsn_ct="1" name="00726_portal" extends="runtime/portal/property.portal.r7.04.xml">

            <prpr name = "BLACKOUT_TEXT_FROM_PROPS" encryptionClass = "com.hewitt.cat.tba.properties.encrypter.NoOpPropertyEncrypter">
                <lcycl name="pu">
                        <prprvl bgdt="2000.01.01 00:00" endt="3000.01.01 00:00">FALSE</prprvl>
                </lcycl>
            </prpr>

            <prpr name = "EXTLINK_KEEPALIVE_INTERVAL" encryptionClass = "com.hewitt.cat.tba.properties.encrypter.NoOpPropertyEncrypter">
                <lcycl name="pu">
                        <prprvl bgdt="2000.01.01 00:00" endt="3000.01.01 00:00">15</prprvl>
                </lcycl>
                <lcycl name="qc">
                        <prprvl bgdt="2000.01.01 00:00" endt="3000.01.01 00:00">45</prprvl>
                </lcycl>
                <lcycl name="qa">
                        <prprvl bgdt="2000.01.01 00:00" endt="3000.01.01 00:00">45</prprvl>
                </lcycl>
            </prpr>

            <prpr name = "HM_ENROLL_TARGET_END_POINT" encryptionClass = "com.hewitt.cat.tba.properties.encrypter.NoOpPropertyEncrypter">
                <lcycl name="qc">
                        <prprvl bgdt="2000.01.01 00:00" endt="3000.01.01 00:00">https://int-services.stg.alight.com/ProcessEngineWeb_STG/services/PersonHMActivity</prprvl>
                </lcycl>
                <lcycl name="qa">
                        <prprvl bgdt="2000.01.01 00:00" endt="3000.01.01 00:00">https://int-services.stg.alight.com/ProcessEngineWeb_STG/services/PersonHMActivity</prprvl>
                </lcycl>
            </prpr>

            <prpr name = "IS_UDP_ENABLED_V2" encryptionClass = "com.hewitt.cat.tba.properties.encrypter.NoOpPropertyEncrypter">
                <lcycl name="pu">
                        <prprvl bgdt="2000.01.01 00:00" endt="3000.01.01 00:00">TRUE</prprvl>
                </lcycl>
                <lcycl name="qc">
                        <prprvl bgdt="2000.01.01 00:00" endt="3000.01.01 00:00">TRUE</prprvl>
                </lcycl>
            </prpr>

            <prpr name = "MAX_SESSION_CAP_LIMIT" encryptionClass = "com.hewitt.cat.tba.properties.encrypter.NoOpPropertyEncrypter">
                <lcycl name="pu">
                        <prprvl bgdt="2000.01.01 00:00" endt="3000.01.01 00:00">40</prprvl>
                </lcycl>
            </prpr>

            <prpr name = "PORTAL_BLACKOUT" encryptionClass = "com.hewitt.cat.tba.properties.encrypter.NoOpPropertyEncrypter">
                <lcycl name="pu">
                        <prprvl bgdt="2000.01.01 00:00" endt="2019.01.17 21:42">FALSE</prprvl>
                        <prprvl bgdt="2019.01.17 21:42" endt="2019.01.18 05:00">TRUE</prprvl>
                        <prprvl bgdt="2019.01.18 05:00" endt="3000.01.01 00:00">FALSE</prprvl>
                </lcycl>
            </prpr>

            <prpr name = "UCE_SCHEMA_NAME" encryptionClass = "com.hewitt.cat.tba.properties.encrypter.NoOpPropertyEncrypter">
                <lcycl name="pu">
                        <prprvl bgdt="2000.01.01 00:00" endt="3000.01.01 00:00">ucceClient7075</prprvl>
                </lcycl>
                <lcycl name="qc">
                        <prprvl bgdt="2000.01.01 00:00" endt="3000.01.01 00:00">ucceClient7075</prprvl>
                </lcycl>
                <lcycl name="qa">
                        <prprvl bgdt="2000.01.01 00:00" endt="3000.01.01 00:00">ucceClient7075</prprvl>
                </lcycl>
            </prpr>

            <prpr name = "VANITY_URL" encryptionClass = "com.hewitt.cat.tba.properties.encrypter.NoOpPropertyEncrypter">
                <lcycl name="pu">
                        <prprvl bgdt="2000.01.01 00:00" endt="3000.01.01 00:00">http://resources.hewitt.com/bpbenefits</prprvl>
                </lcycl>
                <lcycl name="qc">
                        <prprvl bgdt="2000.01.01 00:00" endt="3000.01.01 00:00">http://resources1.hewitt.com/bpbenefits</prprvl>
                </lcycl>
                <lcycl name="qa">
                        <prprvl bgdt="2000.01.01 00:00" endt="3000.01.01 00:00">http://test.resources.hewitt.com/qa/bpbenefits</prprvl>
                </lcycl>
            </prpr>

            <prpr name = "WEB_ANALYTICS_UA_CLIENT_PROPERTY_ID" encryptionClass = "com.hewitt.cat.tba.properties.encrypter.NoOpPropertyEncrypter">
                <lcycl name="pu">
                        <prprvl bgdt="2000.01.01 00:00" endt="3000.01.01 00:00">UA-47697825-1</prprvl>
                </lcycl>
                <lcycl name="qc">
                        <prprvl bgdt="2000.01.01 00:00" endt="3000.01.01 00:00">UA-47697825-2</prprvl>
                </lcycl>
                <lcycl name="qa">
                        <prprvl bgdt="2000.01.01 00:00" endt="3000.01.01 00:00">UA-47697825-2</prprvl>
                </lcycl>
            </prpr>

            <prpr name = "YBR_CLIENT_PEDIGREE" encryptionClass = "com.hewitt.cat.tba.properties.encrypter.NoOpPropertyEncrypter">
                <lcycl name="pu">
                        <prprvl bgdt="2000.01.01 00:00" endt="3000.01.01 00:00">00726_ybr_ybrfndt</prprvl>
                </lcycl>
                <lcycl name="qc">
                        <prprvl bgdt="2000.01.01 00:00" endt="3000.01.01 00:00">00726_ybr_ybrfndt</prprvl>
                </lcycl>
                <lcycl name="qa">
                        <prprvl bgdt="2000.01.01 00:00" endt="3000.01.01 00:00">00726_ybr_ybrfndt</prprvl>
                </lcycl>
                <lcycl name="tu">
                        <prprvl bgdt="2000.01.01 00:00" endt="3000.01.01 00:00">00726_ybr_ybrfndt</prprvl>
                </lcycl>
                <lcycl name="dv">
                        <prprvl bgdt="2000.01.01 00:00" endt="3000.01.01 00:00">00726_ybr_ybrfndt</prprvl>
                </lcycl>
            </prpr>

            <prpr name = "YBR_STATIC_FILE_SERVER" encryptionClass = "com.hewitt.cat.tba.properties.encrypter.NoOpPropertyEncrypter">
                <lcycl name="pu">
                        <prprvl bgdt="2000.01.01 00:00" endt="3000.01.01 00:00">cache.hacontent.com/ybr/R516</prprvl>
                </lcycl>
                <lcycl name="qc">
                        <prprvl bgdt="2000.01.01 00:00" endt="3000.01.01 00:00">cache.hacontent.com/qcybr/R516</prprvl>
                </lcycl>
                <lcycl name="qa">
                        <prprvl bgdt="2000.01.01 00:00" endt="3000.01.01 00:00">bitlb01.hewitt.com/ybr/R516</prprvl>
                </lcycl>
                <lcycl name="tu">
                        <prprvl bgdt="2000.01.01 00:00" endt="3000.01.01 00:00">was6-tba-qa.hewitt.com/ybr/R516</prprvl>
                </lcycl>
                <lcycl name="dv">
                        <prprvl bgdt="2000.01.01 00:00" endt="3000.01.01 00:00">was6-tba-qa.hewitt.com/ybr/R516</prprvl>
                </lcycl>
            </prpr>
    </prprRoot>
