<?xml version="1.0"?>
<!-- Entry for all modules go here -->
<modules>
	<module id="ANN_REVISION_CONF" desc="Announcement Revision" baseAutoSubscribe="true" isUCCE="true" isUPoint="true">			
		<!-- Query Names for loading Base Configuration -->
		<loader type="BASE" name="baseLoader">
			<query id="REVISION_CONF">from BaseAnnouncementRevisionConfig ag</query>
		</loader>			
		<!-- Query Names for loading Client Configuration -->
		<loader type="CLIENT" name="clientLoader">
			<query id="REVISION_CONF" >from AnnouncementRevisionConfig ag where ag.lineage=?</query>
		</loader>		
		<resolver type="BASE" name="baseResolver" />				
		<resolver type="CLIENT" name="clientResolver" />
		<relation>
			<parent id="REVISION_CONF" targetLvl="true" />
		</relation>
	</module>
</modules>