<?xml version="1.0" encoding="UTF-8"?>
<!DOCTYPE hibernate-mapping PUBLIC
"-//Hibernate/Hibernate Mapping DTD 3.0//EN"
"http://hibernate.sourceforge.net/hibernate-mapping-3.0.dtd">

<hibernate-mapping package="com.aonhewitt.portal.configuration.modules.announcement.model">

	<class name="BaseMessageTopicConfig" table="BASE_GMC_MSG_TOPIC_CONF" lazy="false" mutable="true">
		<id name="nodeId" type="string">
            <column name="TOPIC_ID"  length="255" />
            <generator class="assigned" />
        </id>
		<property name="TopicKey" type="string">
            <column name="TOPIC_KEY" length="45" not-null="true" />
        </property>
		<property name="TopicSeqNo" type="java.lang.Integer">
            <column name="SEQ_NO"  />
        </property>
		<property name="IsVisible" type="boolean">
            <column name="IS_VISIBLE"  />
        </property> 
		<property name="TopicGroup" type="string">
            <column name="TOPIC_GROUP" length="45" not-null="true" />
        </property>
		<!-- Required columns for Client kernel tables  -->
		<property name="beginDate" column="BEG_DT" generated="never" lazy="false" type="date"/>
  		<property name="endDate" column="END_DT" generated="never" lazy="false"  type="date"/>
		<property name="version" column="VRSN_NR" />
		<property name="desc" column="DESC_TX" generated="never" lazy="false"/>
		<!-- Audit -->
		<property column="CRT_DT" name="createdDate" />
  		<property column="CRT_BY" name="createdBy" />
 		<property column="LST_UPD_BY" name="updatedBy" />
  		<property column="LST_UPD_DT" name="updatedDate" />
 
  		<property column="IS_OVRD" name="overrideable" />
  		<property column="IS_NDS_MR_INFO" name="needsMoreInfo" />
	</class>
	
</hibernate-mapping>
