<?xml version="1.0"?>
<!-- Entry for all modules go here -->
<modules>

	<module id="Tiles_Carousel_Mapping" desc="GMC Tile Carousel" baseAutoSubscribe="true" isUCCE="true" isUPoint="true">			
		<!-- Query Names for loading Base Configuration -->
		<loader type="BASE" name="baseLoader">
			<query id="Tiles_Carousel_Mapping">from BaseTileCarouselMapping btna</query>
		</loader>			
		<!-- Query Names for loading Client Configuration -->
		<loader type="CLIENT" name="clientLoader">
			<query id="Tiles_Carousel_Mapping">from TileCarouselMapping btna where btna.lineage=?</query>
		</loader>		
		<resolver type="BASE" name="baseResolver" />				
		<resolver type="CLIENT" name="clientResolver" />
		<relation>
			<parent id="Tiles_Carousel_Mapping" targetLvl="true" />
		</relation>
	</module>
</modules>