<?xml version="1.0"?>
<!-- Entry for all modules go here -->
<modules>

	<module id="GMC_BASE_MSG_CONF" desc="GMC Message" baseAutoSubscribe="true">			
		<!-- Query Names for loading Base Configuration -->
		<loader type="BASE" name="baseLoader">
			<query id="MSG_CONF">from BaseMessageConfig ag</query>
		</loader>			
		<!-- Query Names for loading Client Configuration -->
		<loader type="CLIENT" name="clientLoader">
			<query id="MSG_CONF" >from MessageConfig ag where ag.lineage=?</query>
		</loader>		
		<resolver type="BASE" name="baseResolver" />				
		<resolver type="CLIENT" name="clientResolver" />
		<relation>
			<parent id="MSG_CONF" targetLvl="true" />
		</relation>
	</module>
</modules>