<?xml version="1.0" encoding="UTF-8"?>
<!DOCTYPE hibernate-mapping PUBLIC
"-//Hibernate/Hibernate Mapping DTD 3.0//EN"
"http://hibernate.sourceforge.net/hibernate-mapping-3.0.dtd">

<hibernate-mapping package="com.aonhewitt.portal.configuration.modules.announcement.model">

	<class name="BaseGmcAttachment" table="BASE_GMC_ATTACHMENT" lazy="false" mutable="true">
		<id name="nodeId" type="string">
            <column name="ATTACHMENT_CONFIG_ID"  length="255" />
            <generator class="assigned" />
        </id>
		 <property name="AttachmentId" type="string">
            <column name="ATTACHMENT_ID" length="255" not-null="true" />
        </property>
		<property name="MessageId" type="string">
            <column name="MESSAGE_ID" length="255"  not-null="true" />
        </property>
        <property name="AttachmentTitle" type="string">
            <column name="ATTACHMENT_TITLE" length="255"  not-null="true" />
        </property>
		<property name="FileName" type="string">
            <column name="FILE_NAME" length="255"  not-null="true" />
        </property>
		<property name="LocaleCode" type="string">
            <column name="LOCALE_CD" length="16"  not-null="true" />
        </property>         
        <property name="FileId" type="string">
            <column name="FILE_ID" length="255"  />
        </property>
		<!-- Required columns for Base kernel tables  -->
		
		<property column="ATTACH_BEG_DT" name="AttachBeginDate" />
		 
  		<property column="ATTACH_END_DT" name="AttachEndDate"  />
		
		
		<property name="beginDate" column="BEG_DT" generated="never" lazy="false" type="date"/>
  		<property name="endDate" column="END_DT" generated="never" lazy="false"  type="date"/>
		<property name="version" column="VRSN_NR" />
		<property name="desc" column="DESC_TX" generated="never" lazy="false"/>		
		<!-- Audit -->
		<property column="CRT_DT" name="createdDate" />
  		<property column="CRT_BY" name="createdBy" />
 		<property column="LST_UPD_BY" name="updatedBy" />
  		<property column="LST_UPD_DT" name="updatedDate" />
  
  		<property column="IS_OVRD" name="overrideable" />
  		<property column="IS_NDS_MR_INFO" name="needsMoreInfo" />
	</class>
</hibernate-mapping>


