<?xml version="1.0" encoding="UTF-8"?>
<!DOCTYPE hibernate-mapping PUBLIC
"-//Hibernate/Hibernate Mapping DTD 3.0//EN"
"http://hibernate.sourceforge.net/hibernate-mapping-3.0.dtd">

<hibernate-mapping package="com.aonhewitt.portal.base.gmc.configuration.model">

	<class name="BaseYtrMessageFlvr" table="BASE_YTR_MSG_FLVR" lazy="false" mutable="true">
		<id name="nodeId" type="string">
            <column name="FLVR_ID"  length="40" />
            <generator class="assigned" />
        </id>
        <property name="FLvrSeqNo" type="java.lang.Integer">
            <column name="SEQ_NO"  not-null="true" />
        </property>
        <property name="FlvrEligExprName" type="string">
            <column name="ELIG_EXPR_NM" length="45" not-null="true" />
        </property>
        <property name="FlvrLinkName" type="string">
            <column name="LINK_NM" length="45" not-null="true" />
        </property>
        <property name="FlvrSubjTxtName" type="string">
            <column name="SUBJ_TEXT_NM" length="45" not-null="true" />
        </property>
        <property name="FlvrBodyTxtName" type="string">
            <column name="BODY_TEXT_NM" length="45" not-null="true" />
        </property>
        <property name="FlvrDdlnTxtName" type="string">
            <column name="DDLN_TEXT_NM" length="45" not-null="true" />
        </property>  
		 <property name="MsgId" type="string">
            <column name="YTR_MSG_ID" length="45" not-null="true" />
        </property>
		<!-- Required columns for Base kernel tables  -->
		<property name="beginDate" column="BEG_DT" generated="never" lazy="false" type="date"/>
  		<property name="endDate" column="END_DT" generated="never" lazy="false"  type="date"/>
		<property name="version" column="VRSN_NR" />
		<property name="desc" column="DESC_TX" generated="never" lazy="false"/>		
		<!-- Audit -->
		<property column="CRT_DT" name="createdDate" />
  		<property column="CRT_BY" name="createdBy" />
 		<property column="LST_UPD_BY" name="updatedBy" />
  		<property column="LST_UPD_DT" name="updatedDate" />
  
  		<property column="IS_OVRD" name="overrideable" />
  		<property column="IS_NDS_MR_INFO" name="needsMoreInfo" />		
	</class>
	
</hibernate-mapping>
