<?xml version="1.0" encoding="UTF-8"?>
<!DOCTYPE hibernate-mapping PUBLIC
"-//Hibernate/Hibernate Mapping DTD 3.0//EN"
"http://hibernate.sourceforge.net/hibernate-mapping-3.0.dtd">

<hibernate-mapping package="com.aonhewitt.portal.configuration.modules.announcement.model">

	<class name="BaseAnnouncementRevisionConfig" table="BASE_ANN_REVISION_CONF" lazy="false" mutable="true">
		<id name="nodeId" type="string">
            <column name="REVISION_ID"  length="255" />
            <generator class="assigned" />
        </id>
		 <property name="AnnId" type="string">
            <column name="ANN_ID" length="255" not-null="true" />
        </property>
		 <property name="UserName" type="string">
            <column name="USER_NAME" length="60" not-null="true" />
        </property>
		 <property name="TimeZone" type="string">
            <column name="TIME_ZONE" length="120" not-null="true" />
        </property>
		 <property name="ActionType" type="string">
            <column name="ACTION_TYPE" length="120" not-null="true" />
        </property>
		 <property name="ActionDesc" type="string">
            <column name="ACTION_DESC" length="255" not-null="true" />
        </property>
		<!-- Required columns for Base kernel tables  -->
		<property name="beginDate" column="BEG_DT" generated="never" lazy="false" type="date"/>
  		<property name="endDate" column="END_DT" generated="never" lazy="false"  type="date"/>
		<property name="version" column="VRSN_NR" />
		<property name="desc" column="DESC_TX" generated="never" lazy="false"/>		
		<!-- Audit -->
		<property column="CRT_DT" name="createdDate" />
  		<property column="CRT_BY" name="createdBy" />
 		<property column="LST_UPD_BY" name="updatedBy" />
  		<property column="LST_UPD_DT" name="updatedDate" />
  
  		<property column="IS_OVRD" name="overrideable" />
  		<property column="IS_NDS_MR_INFO" name="needsMoreInfo" />
	</class>
</hibernate-mapping>
