<?xml version="1.0"?>
<!-- Entry for all modules go here -->
<modules>

	<module id="GMC_ATTACHMENT_CONF" desc="GMC Attachment" baseAutoSubscribe="true" isUCCE="true" isUPoint="true">			
		<!-- Query Names for loading Base Configuration -->
		<loader type="BASE" name="baseLoader">
			<query id="GMC_ATTACHMENT_CONF">from BaseGmcAttachment btna</query>
		</loader>			
		<!-- Query Names for loading Client Configuration -->
		<loader type="CLIENT" name="clientLoader">
			<query id="GMC_ATTACHMENT_CONF">from GmcAttachment btna where btna.lineage=?</query>
		</loader>		
		<resolver type="BASE" name="baseResolver" />				
		<resolver type="CLIENT" name="clientResolver" />
		<relation>
			<parent id="GMC_ATTACHMENT_CONF" targetLvl="true" />
		</relation>
	</module>
</modules>