<?xml version="1.0" encoding="UTF-8"?>
<!DOCTYPE hibernate-mapping PUBLIC
"-//Hibernate/Hibernate Mapping DTD 3.0//EN"
"http://hibernate.sourceforge.net/hibernate-mapping-3.0.dtd">

<hibernate-mapping package="com.aonhewitt.portal.feature.gmc.model">

	<class name="BaseGenericMessageConfig" table="BASE_GMC_GNRC_MSG_CONF_AUDIT" lazy="false" mutable="true"
	 entity-name="BaseGenericMessageConfigAudit" dynamic-insert="true" polymorphism="explicit">
		<id name="auditNodeId" type="string">
			<column name="ADT_NODE_ID" length="40" />
			<generator class="assigned" />
		</id>
		<property name="nodeId" type="string">
            <column name="MSG_ID"  length="40" />
        </property>
		 <property name="DeadlineDate" type="string">
            <column name="DATE_TX_KEY_NM" length="30" not-null="true" />
        </property>
		<property name="Priority" type="java.lang.Integer">
            <column name="PRIORITY" not-null="true" />
        </property>
		<property name="ExprNm" type="string">
            <column name="EXPR_NM" length="255" not-null="true" />
        </property>
		<property name="MsgType" type="string">
            <column name="MSG_TYPE" length="10"  not-null="true" />
        </property>
		<property name="MsgSubCat" type="string">
            <column name="MSG_SUB_CAT" length="255"  />
        </property>
        <property name="MsgTitleKey" type="string">
            <column name="MSG_TITLE_KEY" length="255"  />
        </property>
        <property name="MsgBodyKey" type="string">
            <column name="MSG_BODY_KEY" length="255"  />
        </property>
		<property name="LinkName" type="string">
            <column name="LINK_NM" length="255"  not-null="true" />
        </property>
		<!-- Required columns for Base kernel tables  -->
		<property name="beginDate" column="BEG_DT" generated="never" lazy="false" type="date"/>
  		<property name="endDate" column="END_DT" generated="never" lazy="false"  type="date"/>
		<property name="version" column="VRSN_NR" />
		<property name="desc" column="DESC_TX" generated="never" lazy="false"/>		
		<!-- Audit -->
		<property column="CRT_DT" name="createdDate" />
  		<property column="CRT_BY" name="createdBy" />
 		<property column="LST_UPD_BY" name="updatedBy" />
  		<property column="LST_UPD_DT" name="updatedDate" />
  
  		<property column="IS_OVRD" name="overrideable" />
  		<property column="IS_NDS_MR_INFO" name="needsMoreInfo" />
  		<property name="CategoryId" type="string">
            <column name="CATEGORY_ID" length="30"  />
        </property>
        <property name="IsDeletable" type="boolean">
            <column name="IS_DELETABLE" not-null="true" />
        </property>
	</class>
</hibernate-mapping>
