<?xml version="1.0" encoding="UTF-8"?>
<!DOCTYPE hibernate-mapping PUBLIC
"-//Hibernate/Hibernate Mapping DTD 3.0//EN"
"http://hibernate.sourceforge.net/hibernate-mapping-3.0.dtd">

<hibernate-mapping package="com.aonhewitt.portal.base.gmc.configuration.model">

	<class name="BaseGmcSourceCategory" table="BASE_GMC_SOURCE_CATEGORY" lazy="false" mutable="true">
		<id name="nodeId" type="string">
            <column name="ID"  length="30" />
            <generator class="assigned" />
        </id>
		<property name="CategoryId" type="string">
            <column name="CATEGORY_ID" length="30" not-null="true" />
        </property>
		<property name="SourceHandler" type="string">
            <column name="SOURCE_HANDLER" length="120" not-null="true" />
        </property>
		
		<!-- Required columns for Base kernel tables  -->
		<property name="beginDate" column="BEG_DT" generated="never" lazy="false" type="date"/>
  		<property name="endDate" column="END_DT" generated="never" lazy="false"  type="date"/>
		<property name="version" column="VRSN_NR" />
		<property name="desc" column="DESC_TX" generated="never" lazy="false"/>		
		<!-- Audit -->
		<property column="CRT_DT" name="createdDate" />
  		<property column="CRT_BY" name="createdBy" />
 		<property column="LST_UPD_BY" name="updatedBy" />
  		<property column="LST_UPD_DT" name="updatedDate" />
  
  		<property column="IS_OVRD" name="overrideable" />
  		<property column="IS_NDS_MR_INFO" name="needsMoreInfo" />
	</class>
</hibernate-mapping>
