<?xml version="1.0"?>
<!-- Entry for all modules go here -->
<modules>
	<module id="GMC_GNRC_MSG_CONF" desc="GMC Generic Message" baseAutoSubscribe="true">			
		<!-- Query Names for loading Base Configuration -->
		<loader type="BASE" name="baseLoader">
			<query id="GNRC_MSG_CONF">from BaseGenericMessageConfig ag</query>
		</loader>			
		<!-- Query Names for loading Client Configuration -->
		<loader type="CLIENT" name="clientLoader">
			<query id="GNRC_MSG_CONF" >from GenericMessageConfig ag where ag.lineage=?</query>
		</loader>		
		<resolver type="BASE" name="baseResolver" />				
		<resolver type="CLIENT" name="clientResolver" />
		<relation>
			<parent id="GNRC_MSG_CONF" targetLvl="true" />
		</relation>
	</module>
</modules>