<?xml version="1.0"?>
<!-- Entry for all modules go here -->
<modules>

	<module id="GMC_BASE_TNA_CONF" desc="GMC Tips News Announcement" baseAutoSubscribe="true" isUCCE="true" isUPoint="true">			
		<!-- Query Names for loading Base Configuration -->
		<loader type="BASE" name="baseLoader">
			<query id="GMC_BASE_TNA_CONF">from BaseTipsNewsAnnouncement btna</query>
		</loader>			
		
		<!-- Query Names for loading Client Configuration -->
		<loader type="CLIENT" name="clientLoader">
			<query id="GMC_BASE_TNA_CONF">from TipsNewsAnnouncement btna where btna.lineage=?</query>
		</loader>		
		<resolver type="BASE" name="baseResolver" />				
		<resolver type="CLIENT" name="clientResolver" />
		<relation>
			<parent id="GMC_BASE_TNA_CONF" targetLvl="true" />
		</relation>
	</module>
</modules>