<?xml version="1.0" encoding="UTF-8"?>
<!DOCTYPE hibernate-mapping PUBLIC
"-//Hibernate/Hibernate Mapping DTD 3.0//EN"
"http://hibernate.sourceforge.net/hibernate-mapping-3.0.dtd">

<hibernate-mapping package="com.aonhewitt.portal.configuration.modules.announcement.model">

	<class name="GmcAttachment" table="GMC_ATTACHMENT" lazy="false" mutable="true">
		<composite-id mapped="false" unsaved-value="undefined">
			<key-property name="nodeId" type="string" length="255">
				<column name="ATTACHMENT_CONFIG_ID" sql-type="varchar(255)" />
			</key-property>
			<key-property column="LINEAGE" name="lineage" type="java.lang.String" />		
		</composite-id>
		 <property name="AttachmentId" type="string">
            <column name="ATTACHMENT_ID" length="255" not-null="true" />
        </property>
		<property name="MessageId" type="string">
            <column name="MESSAGE_ID" length="255"  not-null="true" />
        </property>
        <property name="AttachmentTitle" type="string">
            <column name="ATTACHMENT_TITLE" length="255"  not-null="true" />
        </property>
		<property name="FileName" type="string">
            <column name="FILE_NAME" length="255"  not-null="true" />
        </property>
		<property name="LocaleCode" type="string">
            <column name="LOCALE_CD" length="16"  not-null="true" />
        </property>         
        <property name="FileId" type="string">
            <column name="FILE_ID" length="255"  />
        </property>		
		<!-- Required columns for Base kernel tables  -->
		
		<property column="ATTACH_BEG_DT" name="AttachBeginDate" />
		 
  		<property column="ATTACH_END_DT" name="AttachEndDate"  />
		
		
		<property name="beginDate" column="BEG_DT" generated="never" lazy="false" type="date"/>
  		<property name="endDate" column="END_DT" generated="never" lazy="false"  type="date"/>
  		<property name="refId" column="REF_ID" generated="never" lazy="false"  />
		<property name="ovrdActnCd" column="OVRD_ACTN_CD" generated="never" lazy="false"  />		
		<property name="desc" column="DESC_TX" generated="never" lazy="false"/>		
		<!-- Audit -->
		<property column="CRT_DT" name="createdDate" />
  		<property column="CRT_BY" name="createdBy" />
 		<property column="LST_UPD_BY" name="updatedBy" />
  		<property column="LST_UPD_DT" name="updatedDate" />
  
  		<property column="IS_OVRD" name="overrideable" />
  		<property column="IS_NDS_MR_INFO" name="needsMoreInfo" />
	</class>
</hibernate-mapping>


