<?xml version="1.0"?>
<!-- Entry for all modules go here -->
<modules>
	<module id="GMC_CATEGORY_CONF" desc="GMC Category" baseAutoSubscribe="true">			
		<!-- Query Names for loading Base Configuration -->
		<loader type="BASE" name="baseLoader">
			<query id="CATEGORY_CONF">from BaseGmcCategory bgc</query>
		</loader>			
		<!-- Query Names for loading Client Configuration -->
		<loader type="CLIENT" name="clientLoader">
			<query id="CATEGORY_CONF" >from GmcCategory gc where gc.lineage=?</query>
		</loader>		
		<resolver type="BASE" name="baseResolver" />				
		<resolver type="CLIENT" name="clientResolver" />
		<relation>
			<parent id="CATEGORY_CONF" targetLvl="true" />
		</relation>
	</module>
</modules>