<?xml version="1.0" encoding="UTF-8"?>
<!DOCTYPE hibernate-mapping PUBLIC
"-//Hibernate/Hibernate Mapping DTD 3.0//EN"
"http://hibernate.sourceforge.net/hibernate-mapping-3.0.dtd">

<hibernate-mapping package="com.aonhewitt.portal.feature.gmc.model">

	<class name="GenericMessageConfig" table="GMC_GNRC_MSG_CONF" lazy="false" mutable="true">
		<composite-id mapped="false" unsaved-value="undefined">
			<key-property name="nodeId" type="string" length="40">
				<column name="MSG_ID" sql-type="varchar(40)" />
			</key-property>
			<key-property column="LINEAGE" name="lineage" type="java.lang.String" />		
		</composite-id>
		 <property name="DeadlineDate" type="string">
            <column name="DATE_TX_KEY_NM" length="10" not-null="true" />
        </property>
		 <property name="ExprNm" type="string">
            <column name="EXPR_NM" length="255" not-null="true" />
        </property>
		<property name="Priority" type="java.lang.Integer">
            <column name="PRIORITY" not-null="true" />
        </property>
		<property name="MsgType" type="string">
            <column name="MSG_TYPE" length="10"  not-null="true" />
        </property>
		<property name="MsgSubCat" type="string">
            <column name="MSG_SUB_CAT" length="255"  />
        </property>
         <property name="MsgTitleKey" type="string">
            <column name="MSG_TITLE_KEY" length="255"  />
        </property>
        <property name="MsgBodyKey" type="string">
            <column name="MSG_BODY_KEY" length="255"  />
        </property>
		<property name="LinkName" type="string">
            <column name="LINK_NM" length="255"  not-null="true" />
        </property>
		<!-- Required columns for Client kernel tables  -->
		<property name="beginDate" column="BEG_DT" generated="never" lazy="false" type="date"/>
  		<property name="endDate" column="END_DT" generated="never" lazy="false"  type="date"/>	
		<property name="refId" column="REF_ID" generated="never" lazy="false"  />
		<property name="ovrdActnCd" column="OVRD_ACTN_CD" generated="never" lazy="false"  />
		<property name="desc" column="DESC_TX" generated="never" lazy="false"/>
		<!-- Audit -->
		<property column="CRT_DT" name="createdDate" />
  		<property column="CRT_BY" name="createdBy" />
 		<property column="LST_UPD_BY" name="updatedBy" />
  		<property column="LST_UPD_DT" name="updatedDate" />
 
  		<property column="IS_OVRD" name="overrideable" />
  		<property column="IS_NDS_MR_INFO" name="needsMoreInfo" />
  		<property name="CategoryId" type="string">
            <column name="CATEGORY_ID" length="30"  />
        </property>
        <property name="IsDeletable" type="boolean">
            <column name="IS_DELETABLE" not-null="true" />
        </property>
	</class>
</hibernate-mapping>
