<?xml version="1.0" encoding="UTF-8"?>
<!DOCTYPE hibernate-mapping PUBLIC
"-//Hibernate/Hibernate Mapping DTD 3.0//EN"
"http://hibernate.sourceforge.net/hibernate-mapping-3.0.dtd">

<hibernate-mapping package="com.aonhewitt.portal.base.gmc.configuration.model">

	<class name="MessageSourceConfig" table="GMC_SOURCE_CONF" lazy="false" mutable="true">
		<composite-id mapped="false" unsaved-value="undefined">
			<key-property name="nodeId" type="string" length="40">
				<column name="SOURCE_ID" sql-type="varchar(40)" />
			</key-property>
			<key-property column="LINEAGE" name="lineage" type="java.lang.String" />		
		</composite-id>
		 <property name="SourceName" type="string">
            <column name="SOURCE_NAME" length="60" not-null="true" />
        </property>
		 <property name="SourceHandler" type="string">
            <column name="SOURCE_HANDLER" length="120" not-null="true" />
        </property>
		 <property name="HasbroReference" type="string">
            <column name="HASBRO_REFERENCE" length="60"  />
        </property>
		<property name="LoadSequence" type="java.lang.Integer">
            <column name="LOAD_SEQUENCE"  />
        </property>
		<property name="ParticipateFlyout" type="boolean">
            <column name="PARTICIPATE_FLYOUT"  />
        </property>
		<property name="RefreshInterval" type="java.lang.Integer">
            <column name="REFRESH_INTERVAL"  />
        </property>
		<property name="ActiveSource" type="boolean">
            <column name="ACTIVE_SOURCE"  />
        </property>
		<property name="SourceMetaInfo" type="string">
            <column name="SOURCE_META_INFO "  length="500" />
        </property>
		<!-- Required columns for Client kernel tables  -->
		<property name="beginDate" column="BEG_DT" generated="never" lazy="false" type="date"/>
  		<property name="endDate" column="END_DT" generated="never" lazy="false"  type="date"/>	
		<property name="refId" column="REF_ID" generated="never" lazy="false"  />
		<property name="ovrdActnCd" column="OVRD_ACTN_CD" generated="never" lazy="false"  />
		<property name="desc" column="DESC_TX" generated="never" lazy="false"/>
		<!-- Audit -->
		<property column="CRT_DT" name="createdDate" />
  		<property column="CRT_BY" name="createdBy" />
 		<property column="LST_UPD_BY" name="updatedBy" />
  		<property column="LST_UPD_DT" name="updatedDate" />
 
  		<property column="IS_OVRD" name="overrideable" />
  		<property column="IS_NDS_MR_INFO" name="needsMoreInfo" />
	</class>
</hibernate-mapping>
