<?xml version="1.0"?>
<!-- Entry for all modules go here -->
<modules>
	<module id="GMC_SOURCE_CATEGORY_CONF" desc="GMC Source Category" baseAutoSubscribe="true">			
		<!-- Query Names for loading Base Configuration -->
		<loader type="BASE" name="baseLoader">
			<query id="SOURCE_CATEGORY_CONF">from BaseGmcSourceCategory bgsc</query>
		</loader>			
		<!-- Query Names for loading Client Configuration -->
		<loader type="CLIENT" name="clientLoader">
			<query id="SOURCE_CATEGORY_CONF" >from GmcSourceCategory gsc where gsc.lineage=?</query>
		</loader>		
		<resolver type="BASE" name="baseResolver" />				
		<resolver type="CLIENT" name="clientResolver" />
		<relation>
			<parent id="SOURCE_CATEGORY_CONF" targetLvl="true" />
		</relation>
	</module>
</modules>