<?xml version="1.0"?>
<!-- Entry for all modules go here -->
<modules>

	<module id="GMC_MSG_TOPIC_CONF" desc="GMC Message Topic" baseAutoSubscribe="true">			
		<!-- Query Names for loading Base Configuration -->
		<loader type="BASE" name="baseLoader">
			<query id="MSG_TOPIC_CONF">from BaseMessageTopicConfig ag</query>
		</loader>			
		<!-- Query Names for loading Client Configuration -->
		<loader type="CLIENT" name="clientLoader">
			<query id="MSG_TOPIC_CONF" >from MessageTopicConfig ag where ag.lineage=?</query>
		</loader>		
		<resolver type="BASE" name="baseResolver" />				
		<resolver type="CLIENT" name="clientResolver" />
		<relation>
			<parent id="MSG_TOPIC_CONF" targetLvl="true" />
		</relation>
	</module>
</modules>