<?xml version="1.0" encoding="UTF-8"?>
<!DOCTYPE hibernate-mapping PUBLIC
"-//Hibernate/Hibernate Mapping DTD 3.0//EN"
"http://hibernate.sourceforge.net/hibernate-mapping-3.0.dtd">

<hibernate-mapping package="com.aonhewitt.portal.base.gmc.configuration.model">

	<class name="MessageConfig" table="GMC_MSG_CONFIG" lazy="false" mutable="true">
		<composite-id mapped="false" unsaved-value="undefined">
			<key-property name="nodeId" type="string" length="255">
				<column name="MSG_CONFIG_ID" sql-type="varchar(255)" />
			</key-property>
			<key-property column="LINEAGE" name="lineage" type="java.lang.String" />		
		</composite-id>
		 <property name="MsgId" type="string">
            <column name="MSG_ID" length="30" not-null="true" />
        </property>
		 <property name="MsgSource" type="string">
            <column name="MSG_SOURCE" length="10" not-null="true" />
        </property>
		 <property name="MsgGrpCode" type="string">
            <column name="MSG_GRP_CD" length="30"  />
        </property>
		<property name="MsgGrpCodeOwner" type="boolean">
            <column name="MSG_GRP_CD_OWNER"  /> 
        </property>
		<property name="InActiveCode" type="boolean">
            <column name="INACTIVE_CD"  />
        </property>
		<property name="Priority" type="java.lang.Integer">
            <column name="PRIORITY" not-null="true" />
        </property>
		<property name="MsgType" type="string">
            <column name="MSG_TYPE" length="10"  not-null="true" />
        </property>
		<property name="MsgSubCat" type="string">
            <column name="MSG_SUB_CAT" length="30"  />
        </property>
         <property name="MsgTitleKey" type="string">
            <column name="MSG_TITLE_KEY" length="255"  />
        </property>
        <property name="MsgBodyKey" type="string">
            <column name="MSG_BODY_KEY" length="255"  />
        </property>
		<property name="UserMgmtCode" column="USER_MGMT_CODE" not-null="true">
			<type name="org.hibernate.type.EnumType">
			<param name="enumClass">com.aonhewitt.portal.base.gmc.model.UserMgmtCode</param>
			</type>
		</property>
		<property name="LinkName" type="string">
            <column name="LINK_NM" length="30"  not-null="true" />
        </property>
		<property name="LocaleCode" type="string">
            <column name="LOCALE_CD" length="16"  not-null="true" />
        </property>
		<property name="UserData" type="string">
            <column name="USER_DATA" length="400"   />
        </property>
		<property name="MsgTreatmentCode" type="java.lang.Integer">
            <column name="MSG_TRTMNT_CODE"  />
        </property>
		<!-- Required columns for Client kernel tables  -->
		<property name="beginDate" column="BEG_DT" generated="never" lazy="false" type="date"/>
  		<property name="endDate" column="END_DT" generated="never" lazy="false"  type="date"/>	
		<property name="refId" column="REF_ID" generated="never" lazy="false"  />
		<property name="ovrdActnCd" column="OVRD_ACTN_CD" generated="never" lazy="false"  />
		<property name="desc" column="DESC_TX" generated="never" lazy="false"/>
		<!-- Audit -->
		<property column="CRT_DT" name="createdDate" />
  		<property column="CRT_BY" name="createdBy" />
 		<property column="LST_UPD_BY" name="updatedBy" />
  		<property column="LST_UPD_DT" name="updatedDate" />
 
  		<property column="IS_OVRD" name="overrideable" />
  		<property column="IS_NDS_MR_INFO" name="needsMoreInfo" />
	</class>
</hibernate-mapping>