<?xml version="1.0" encoding="UTF-8"?>
<!DOCTYPE hibernate-mapping PUBLIC
"-//Hibernate/Hibernate Mapping DTD 3.0//EN"
"http://hibernate.sourceforge.net/hibernate-mapping-3.0.dtd">

<hibernate-mapping package="com.aonhewitt.portal.configuration.modules.announcement.model">

	<class name="TipsNewsAnnouncement" table="TIPS_NEWS_ANNOUNCEMENT" lazy="false" mutable="true">
		<composite-id mapped="false" unsaved-value="undefined">
			<key-property name="nodeId" type="string" length="40">
				<column name="TNA_CONFIG_ID" sql-type="varchar(40)" />
			</key-property>
			<key-property column="LINEAGE" name="lineage" type="java.lang.String" />		
		</composite-id>
		 <property name="TnaId" type="string">
            <column name="TNA_ID" length="40" not-null="true" />
        </property>
		<property name="InActiveCode" type="boolean">
            <column name="INACTIVE_CD"  />
        </property>
		<property name="Sequence" type="java.lang.Integer">
            <column name="SEQUENCE" not-null="true" />
        </property> 		
		<property name="TnaCatCode1" type="string">
            <column name="TNA_CAT_CODE1" length="10" />
        </property>
        <property name="TnaCatCode2" type="string">
            <column name="TNA_CAT_CODE2" length="45"  not-null="true" />
        </property>
        <property name="TnaTitleKey" type="string">
            <column name="TNA_TITLE_KEY" length="255"  />
        </property>
        <property name="TnaBodyKey" type="string">
            <column name="TNA_BODY_KEY" length="255"  />
        </property>
        <property name="LinkType" type="string">
            <column name="LINK_TYPE" length="30"  not-null="true" />
        </property>
        <property name="LinkName" type="string">
            <column name="LINK_NM" length="2500"  not-null="true" />
        </property>
        <property name="LinkAttach" type="string">
            <column name="LINK_ATTACH" length="150"  not-null="true" />
        </property>
        <property name="LinkContent" type="string">
            <column name="LINK_CONTENT" length="150"  not-null="true" />
        </property>
        <property name="LinkNetOrg" type="string">
            <column name="LINK_NET_ORG" length="150"  not-null="true" />
        </property>
		<property name="LocaleCode" type="string">
            <column name="LOCALE_CD" length="16"  not-null="true" />
        </property>        
		 <property name="ExprId" type="string">
            <column name="EXPR_ID" length="255"  />
        </property>
        <property name="TopicId" type="string">
            <column name="TOPIC_ID" length="30"  />
        </property>
		<property name="UserMgmtCode" column="USER_MGMT_CODE">
			<type name="org.hibernate.type.EnumType">
			<param name="enumClass">com.aonhewitt.portal.configuration.modules.announcement.model.UserMgmtCode</param>
			</type>
		</property>
		<property name="status" type="java.lang.Integer">
            <column name="STATUS"  />
        </property>	
		<property column="DEAD_LINE_DT" name="deadLineDate" />
		 <property name="ImageId" type="string">
            <column name="IMAGE_ID" length="45"  />
        </property>
        <property name="ImagePath" type="string">
            <column name="IMAGE_PATH" length="45"  />
        </property>
        <property name="AuthFlag" type="string">
            <column name="AUTH_FLAG" length="45"  />
        </property>
        <property name="TileStyleCss" type="string">
            <column name="TILE_STYLE_CSS" length="45"  />
        </property>
        <property name="TimeZone" type="string">
            <column name="TIME_ZONE" length="45"  />
        </property>
		<property name="PortalType" type="string">
            <column name="PORTAL_TYPE" length="45"  />
        </property>
		
		<property column="ANN_BEG_DT" name="AnnBeginDate"/>
		 
  		<property column="ANN_END_DT" name="AnnEndDate" />
		
		<!-- Required columns for Base kernel tables  -->
		<property name="beginDate" column="BEG_DT" generated="never" lazy="false" type="date"/>
  		<property name="endDate" column="END_DT" generated="never" lazy="false"  type="date"/>
  		<property name="refId" column="REF_ID" generated="never" lazy="false"  />
		<property name="ovrdActnCd" column="OVRD_ACTN_CD" generated="never" lazy="false"  />		
		<property name="desc" column="DESC_TX" generated="never" lazy="false"/>		
		<!-- Audit -->
		<property column="CRT_DT" name="createdDate" />
  		<property column="CRT_BY" name="createdBy" />
 		<property column="LST_UPD_BY" name="updatedBy" />
  		<property column="LST_UPD_DT" name="updatedDate" />
  
  		<property column="IS_OVRD" name="overrideable" />
  		<property column="IS_NDS_MR_INFO" name="needsMoreInfo" />
	</class>
</hibernate-mapping>


