<?xml version="1.0"?>
<!-- Entry for all modules go here -->
<modules>

	<module id="GMC_YTR_MSG_CONF" desc="GMC YTR Message" baseAutoSubscribe="true">			
		<!-- Query Names for loading Base Configuration -->
		<loader type="BASE" name="baseLoader">
			<query id="GMC_YTR_MSG_CONF">from BaseYtrMessageConfig ag</query>
		</loader>			
		<!-- Query Names for loading Client Configuration -->
		<loader type="CLIENT" name="clientLoader">
			<query id="GMC_YTR_MSG_CONF" >from YtrMessageConfig ag where ag.lineage=?</query>
		</loader>		
		<resolver type="BASE" name="baseResolver" />				
		<resolver type="CLIENT" name="clientResolver" />
		<relation>
			<parent id="GMC_YTR_MSG_CONF" targetLvl="true" />
		</relation>
	</module>
</modules>