<?xml version="1.0" encoding="UTF-8"?>
<!DOCTYPE hibernate-mapping PUBLIC
"-//Hibernate/Hibernate Mapping DTD 3.0//EN"
"http://hibernate.sourceforge.net/hibernate-mapping-3.0.dtd">

<hibernate-mapping
	package="com.aonhewitt.portal.configuration.modules.linkres.model">
	<class name="AttributesConfig" table="LRS_ATTRIBUTES" lazy="false"
		mutable="true">
		<composite-id mapped="false" unsaved-value="undefined">
			<key-property name="nodeId" type="string" length="40">
				<column name="ATTRIBUTE_ID" sql-type="varchar(40)" />
			</key-property>
			<key-property name="lineage" type="string" column="LINEAGE" />
			<key-property name="beginDate" column="BEG_DT" type="date" />
		</composite-id>
		<property name="ovrdActnCd" generated="never" lazy="false"
			column="OVRD_ACTN_CD" />
		<property name="endDate" type="date" generated="never" lazy="false"
			column="END_DT" />
		<property name="attributeName" generated="never" lazy="false"
			column="ATTRIBUTE_NAME" />
		<property name="attributeValue" generated="never" lazy="false"
			column="ATTRIBUTE_VALUE" />
		<property name="moduleId" generated="never" lazy="false"
			column="MODULE_ID" />
	</class>
</hibernate-mapping>