<?xml version="1.0" encoding="UTF-8"?>
<!DOCTYPE hibernate-mapping PUBLIC
"-//Hibernate/Hibernate Mapping DTD 3.0//EN"
"http://hibernate.sourceforge.net/hibernate-mapping-3.0.dtd">

<hibernate-mapping
	package="com.aonhewitt.portal.configuration.modules.linkres.model">
	<class name="AttributesConfig" entity-name="AttributesConfigAudit" table="LRS_ATTRIBUTES_AUDIT" lazy="false"
		mutable="true" dynamic-insert="true" polymorphism="explicit">
		<id name="auditNodeId" type="string">
			<column name="ADT_NODE_ID" length="40" />
			<generator class="assigned" />
		</id>
		<property name="nodeId" column="ATTRIBUTE_ID" type="java.lang.String" length="40"/>
		<property name="lineage" column="LINEAGE" type="java.lang.String" length="20"/>
		<property name="beginDate" column="BEG_DT" type="date"/>
		<property name="ovrdActnCd" generated="never" lazy="false"
			column="OVRD_ACTN_CD" />
		<property name="endDate" type="date" generated="never" lazy="false"
			column="END_DT" />
		<property name="attributeName" generated="never" lazy="false"
			column="ATTRIBUTE_NAME" />
		<property name="attributeValue" generated="never" lazy="false"
			column="ATTRIBUTE_VALUE" />
		<property name="moduleId" generated="never" lazy="false"
			column="MODULE_ID" />
	</class>
</hibernate-mapping>