<?xml version="1.0" encoding="UTF-8"?>
<!DOCTYPE hibernate-mapping PUBLIC "-//Hibernate/Hibernate Mapping DTD 3.0//EN" "http://hibernate.sourceforge.net/hibernate-mapping-3.0.dtd" >
<hibernate-mapping  package="com.aonhewitt.portal.configuration.modules.linkres.model">

      <class name="BaseLinkTypeAttribute" table="base_link_type_attribute">
        <id name="nodeId" type="string">
            <column name="id" />
            <generator class="assigned" />
        </id>
		<property name="linkTypeId" column="LINK_TYPE_ID"/>
        <property name="attributeLabel" type="string">
            <column name="label" length="45" />
        </property>
        <property name="attributeName" type="string">
            <column name="name" length="45" />
        </property>
        <property name="required" type="string">
            <column name="required" />
        </property>
        <property name="attributeValue" type="string">
            <column name="value" length="450" />
        </property>

        <property name="version" column="VRSN_NR"/>
        <property name="endDate" column="END_DT" type="date"/>
        <property name="beginDate" column="BEG_DT" type="date"/>
        <property name="desc" column="DESC_TX"/>

        
    </class>


</hibernate-mapping>