<?xml version="1.0" encoding="UTF-8"?>
<!DOCTYPE hibernate-mapping PUBLIC
"-//Hibernate/Hibernate Mapping DTD 3.0//EN"
"http://hibernate.sourceforge.net/hibernate-mapping-3.0.dtd">

<hibernate-mapping
	package="com.aonhewitt.portal.configuration.modules.linkres.model">
	<class name="BaseLinkOverrideAttributeConfig" table="BASE_LINK_OVERRIDE_ATTRIBUTE"
		lazy="false" mutable="true">
		<composite-id mapped="false" unsaved-value="undefined">
			<key-property name="nodeId" type="string" length="40">
				<column name="OVERRIDE_ID" sql-type="varchar(40)" />
			</key-property>
			<key-property name="seqNo">
				<column name="OVRD_ATTRIB_SQ" sql-type="decimal(3,2)" />
			</key-property>
		</composite-id>
		<property generated="never" lazy="false" name="childId"
			not-null="true">
			<column default="0" name="ATTRIBUTE_ID" sql-type="varchar(40)" />
		</property>
	</class>
</hibernate-mapping>