<?xml version="1.0" encoding="UTF-8"?>
<!DOCTYPE hibernate-mapping PUBLIC
"-//Hibernate/Hibernate Mapping DTD 3.0//EN"
"http://hibernate.sourceforge.net/hibernate-mapping-3.0.dtd">

<hibernate-mapping  package="com.aonhewitt.portal.configuration.modules.linkres.model">

    <class name="BaseLinkTypeConfig" table="BASE_LINK_TYPE" lazy="false" mutable="true">
        <id name="nodeId" type="string" length="40">
            <column name="LINK_TYPE_ID" sql-type="varchar(40)"/>
            <generator class="assigned"/>
        </id>
        <property name="version" column="VRSN_NR"/>
        <property name="endDate" column="END_DT" type="date"/>
        <property name="beginDate" column="BEG_DT" type="date"/>
        <property name="desc" column="DESC_TX"/>
        <property name="linkTypeName" column="LINK_TYPE_NAME"/>            
        <property name="linkTypeInternalId" column="LINK_TYPE_INTN_ID"/>
        <property name="treatmentInternalId" column="TREATMENT_INTN_ID" />
		<property name="handlerInternalId" column="HANDLER_INTN_ID" />
		
		<!-- Audit -->
		<property column="CRT_DT" name="createdDate" />
		<property column="CRT_BY" name="createdBy" />
		<property column="LST_UPD_BY" name="updatedBy" />
		<property column="LST_UPD_DT" name="updatedDate" />
	</class>
</hibernate-mapping>