<?xml version="1.0" encoding="UTF-8"?>
<!DOCTYPE hibernate-mapping PUBLIC
"-//Hibernate/Hibernate Mapping DTD 3.0//EN"
"http://hibernate.sourceforge.net/hibernate-mapping-3.0.dtd">

<hibernate-mapping  package="com.aonhewitt.portal.configuration.modules.linkres.model">
	<class name="BaseAttributesConfig" entity-name="BaseAttributesConfigAudit" table="BASE_LRS_ATTRIBUTES_AUDIT" lazy="false" mutable="true" dynamic-insert="true"  polymorphism="explicit">    	
	    <id name="auditNodeId" type="string">
			<column name="ADT_NODE_ID" length="40" />
			<generator class="assigned" />
		</id>
		<property name="nodeId" column="ATTRIBUTE_ID" type="java.lang.String" length="40"/>
        <property name="attributeName" column="ATTRIBUTE_NAME"/> 
        <property name="version" column="VRSN_NR"/>	
        <property name="attributeValue" column="ATTRIBUTE_VALUE"/>
        <property name="endDate" column="END_DT" type="date"/>
        <property name="beginDate" column="BEG_DT" type="date"/>
        <property name="desc" column="DESC_TX"/>
        <property name="moduleId" column="MODULE_ID"/>
    </class> 
</hibernate-mapping>