<?xml version="1.0" encoding="UTF-8"?>
<!DOCTYPE hibernate-mapping PUBLIC
"-//Hibernate/Hibernate Mapping DTD 3.0//EN"
"http://hibernate.sourceforge.net/hibernate-mapping-3.0.dtd">

<hibernate-mapping 
	package="com.aonhewitt.portal.configuration.modules.linkres.model">
	<class name="BaseLinkConfig" entity-name="BaseLinkConfigAudit" table="BASE_LINK_AUDIT" lazy="false"
		mutable="true" dynamic-insert="true"  polymorphism="explicit">
		<id name="auditNodeId" type="string">
			<column name="ADT_NODE_ID" length="40" />
			<generator class="assigned" />
		</id>
		<property name="nodeId" column="LINK_ID" type="java.lang.String" length="40"/>
		<property name="endDate" column="END_DT" type="date"/>
		<property name="beginDate" column="BEG_DT" type="date"/>
		<property name="version" column="VRSN_NR"/>
		<property name="desc" column="DESC_TX" />
		<property name="useDynamicsData" column="USE_DYNAMICS_DATA" />
		<property name="linkInternalId" column="LINK_INTN_ID" />
		<!-- <property name="textContextName" column="TEXT_CONTEXT_NAME" />
		<property name="textGroupName" column="TEXT_GROUP_NAME" /> -->
		<property name="textKey" column="TEXT_KEY" />
		<property name="linkName" column="LINK_NAME" />
		
		<!-- PCA-716 starts -->
		<property name="title" column="TITL_TX_KY" />
		<!-- PCA-716 ends -->
		
		<!--PCA-516 -->
		<property name="domain" column="DOMAIN"/>
		<!-- PCA-516 end -->
		
		<!-- PCA 344 
		
		<property name="treatmentInternalId" column="TREATMENT_INTN_ID" />
		<property name="handlerInternalId" column="HANDLER_INTN_ID" /> 
		
		-->
		<property name="linkTypeInternalId" column="LINK_TYPE_INTN_ID" />
		<property name="isLinkDisableExpressionNm" column="IS_LINK_DISABLE_EXPRESSION" />
		<property name="serviceLineage" column="SRVC_NM" type="java.lang.String" not-null="true"/>
		<property column="IS_OVRD" name="overrideable" />
        <property column="IS_NDS_MR_INFO" name="needsMoreInfo" />
		<property column="IS_CLNT_FACE" name="clientFacing" />
        <property column="THRD_PRTY_TX_KEY" name="thirdPartyTextKey" />
        
		
				<!-- Audit -->
		<property column="CRT_DT" name="createdDate" />
		<property column="CRT_BY" name="createdBy" />
		<property column="LST_UPD_BY" name="updatedBy" />
		<property column="LST_UPD_DT" name="updatedDate" />
		
	</class>
</hibernate-mapping>