<?xml version="1.0" encoding="UTF-8"?>
<!DOCTYPE hibernate-mapping PUBLIC
"-//Hibernate/Hibernate Mapping DTD 3.0//EN"
"http://hibernate.sourceforge.net/hibernate-mapping-3.0.dtd">

<hibernate-mapping  package="com.aonhewitt.portal.configuration.modules.linkres.model">

    <class name="BaseLinkOverridesConfig" table="BASE_LINK_OVERRIDES" lazy="false" mutable="true">
        <id name="nodeId" type="string" >
            <column name="OVERRIDE_ID" sql-type="varchar(40)"/>
            <generator class="assigned"/>
        </id>
        <property name="version" column="VRSN_NR"/>
        <property name="endDate" column="END_DT" type="date"/>
        <property name="beginDate" column="BEG_DT" type="date"/>
        <property name="desc" column="DESC_TX"/>       
        <property name="expressionNm" column="EXPRESSION_NAME"/>
        <property name="linkTypeInternalId" column="LINK_TYPE_INTN_ID" />
		<property name="treatmentInternalId" column="TREATMENT_INTN_ID" />
		<property name="handlerInternalId" column="HANDLER_INTN_ID" /> 
	</class>
</hibernate-mapping>