<?xml version="1.0" encoding="UTF-8"?>
<!DOCTYPE hibernate-mapping PUBLIC
"-//Hibernate/Hibernate Mapping DTD 3.0//EN"
"http://hibernate.sourceforge.net/hibernate-mapping-3.0.dtd">
<hibernate-mapping
	package="com.aonhewitt.portal.configuration.modules.linkres.model">
	<class name="LinkAttributeConfig" entity-name="LinkAttributeConfigAudit" table="LINK_ATTRIBUTE_AUDIT" lazy="false"
		mutable="true" dynamic-insert="true" polymorphism="explicit">
		<id name="auditNodeId" type="string">
			<column name="ADT_NODE_ID" length="40" />
			<generator class="assigned" />
		</id>
		<property name="lineage" column="LINEAGE" type="java.lang.String" length="20"/>
		<property name="nodeId" column="LINK_ID" type="java.lang.String" length="40"/>
		<property name="seqNo">
			<column name="ATTRIBUTE_SQ" sql-type="decimal(3,2)" />
	    </property>
	    <property name="beginDate" column="BEG_DT" type="date"/>	
		<property generated="never" lazy="false" name="childId">
			<column name="ATTRIBUTE_ID" sql-type="varchar(40)" />
		</property>
		<property name="ovrdActnCd" generated="never" lazy="false"
			column="OVRD_ACTN_CD" />
		<property name="endDate" generated="never" lazy="false" type="date"
			column="END_DT" />
	</class>
</hibernate-mapping>