<?xml version="1.0" encoding="UTF-8"?>
<!DOCTYPE hibernate-mapping PUBLIC
"-//Hibernate/Hibernate Mapping DTD 3.0//EN"
"http://hibernate.sourceforge.net/hibernate-mapping-3.0.dtd">

<hibernate-mapping
	package="com.aonhewitt.portal.configuration.modules.linkres.model">
	<class name="LinkOverridesConfig" table="LINK_OVERRIDES" lazy="false" mutable="true">
		<composite-id mapped="false" unsaved-value="undefined">
			<key-property name="nodeId" type="string">
				<column name="OVERRIDE_ID" sql-type="varchar(40)" />
			</key-property>
			<key-property name="lineage" type="string" column="LINEAGE" />
			<key-property name="beginDate" type="date" column="BEG_DT" />
		</composite-id>
		<property name="refId" generated="never" lazy="false" column="REF_ID" />
		<property name="endDate" type="date" generated="never" lazy="false"
			column="END_DT" />
		<property name="ovrdActnCd" generated="never" lazy="false"
			column="OVRD_ACTN_CD" />
        <property name="desc" column="DESC_TX"/>       
        <property name="expressionNm" column="EXPRESSION_NAME"/>
        <property name="linkTypeInternalId" column="LINK_TYPE_INTN_ID" />
		<property name="treatmentInternalId" column="TREATMENT_INTN_ID" />
		<property name="handlerInternalId" column="HANDLER_INTN_ID" /> 
	</class>
</hibernate-mapping>

