<?xml version="1.0" encoding="UTF-8"?>
<!DOCTYPE hibernate-mapping PUBLIC
"-//Hibernate/Hibernate Mapping DTD 3.0//EN"
"http://hibernate.sourceforge.net/hibernate-mapping-3.0.dtd">

<hibernate-mapping
	package="com.aonhewitt.portal.configuration.modules.linkres.model">
	<class name="LinkConfig" table="LINK" lazy="false" mutable="true">
		<composite-id mapped="false" unsaved-value="undefined">
			<key-property name="nodeId" type="string" length="40">
				<column name="LINK_ID" sql-type="varchar(40)"/>
			</key-property>
			<key-property name="lineage" type="string" column="LINEAGE" />
		</composite-id>
		<property name="beginDate" type="date" column="BEG_DT" />	
		<property name="endDate" type="date" generated="never" lazy="false" column="END_DT" />
		<property name="ovrdActnCd" generated="never" lazy="false" column="OVRD_ACTN_CD" />
		<property name="refId" generated="never" lazy="false" column="REF_ID" />
		<property name="desc" column="DESC_TX" />
		<property name="useDynamicsData" column="USE_DYNAMICS_DATA" />
		<property name="linkInternalId" column="LINK_INTN_ID" />
		<!-- <property name="textContextName" column="TEXT_CONTEXT_NAME" />
		<property name="textGroupName" column="TEXT_GROUP_NAME" /> -->
		<property name="textKey" column="TEXT_KEY" />
		<property name="linkName" column="LINK_NAME" />
		
		<!-- PCA-716 starts -->
		<property name="title" column="TITL_TX_KY" />
		<!-- PCA-716 ends -->
		
		<!--PCA-516 -->
		<property name="domain" column="DOMAIN"/>
		<!-- PCA-516 end -->
		
		<!-- PCA 344
		
		<property name="treatmentInternalId" column="TREATMENT_INTN_ID" />
		<property name="handlerInternalId" column="HANDLER_INTN_ID" /> 
		
		-->
		<property name="linkTypeInternalId" column="LINK_TYPE_INTN_ID" />
		<property name="isLinkDisableExpressionNm" column="IS_LINK_DISABLE_EXPRESSION" />
		<property name="serviceLineage" column="SRVC_NM" type="java.lang.String" not-null="true"/>
		<property column="IS_OVRD" name="overrideable" />
        <property column="IS_NDS_MR_INFO" name="needsMoreInfo" />
				<!-- Audit -->
		<property column="CRT_DT" name="createdDate" />
		<property column="CRT_BY" name="createdBy" />
		<property column="LST_UPD_BY" name="updatedBy" />
		<property column="LST_UPD_DT" name="updatedDate" />
		<property column="IS_CLNT_FACE" name="clientFacing" />
        <property column="THRD_PRTY_TX_KEY" name="thirdPartyTextKey" />
		
		
	</class>
</hibernate-mapping>