<?xml version="1.0" encoding="UTF-8"?>
<!DOCTYPE hibernate-mapping PUBLIC
"-//Hibernate/Hibernate Mapping DTD 3.0//EN"
"http://hibernate.sourceforge.net/hibernate-mapping-3.0.dtd">

<hibernate-mapping
	package="com.aonhewitt.portal.configuration.modules.linkres.model">

	<class name="LinkTreatmentConfig" table="LINK_TREATMENT" lazy="false"
		mutable="true">
		<composite-id mapped="false" unsaved-value="undefined">
			<key-property name="nodeId" type="string" length="40">
				<column name="TREATMENT_ID" sql-type="varchar(40)" />
			</key-property>
			<key-property name="lineage" type="string" column="LINEAGE" />
			<key-property name="beginDate" type="date" column="BEG_DT" />
		</composite-id>
		<property generated="never" lazy="false" name="refId" column="REF_ID" />
		<property generated="never" lazy="false" name="endDate" type="date"
			column="END_DT" />
		<property generated="never" lazy="false" name="ovrdActnCd"
			column="OVRD_ACTN_CD" />
		<property generated="never" lazy="false" name="desc" column="DESC_TX" />
		<property generated="never" lazy="false" name="treatmentName"
			column="TREATMENT_NAME" />
		<property generated="never" lazy="false" name="treatmentClassName"
			column="TREATMENT_CLASSNAME" />
		<property generated="never" lazy="false" name="treatmentInternalId"
			column="TREATMENT_INTN_ID" />
			
			 <!-- Audit -->
		<property column="CRT_DT" name="createdDate" />
		<property column="CRT_BY" name="createdBy" />
		<property column="LST_UPD_BY" name="updatedBy" />
		<property column="LST_UPD_DT" name="updatedDate" />
	</class>
</hibernate-mapping>