<?xml version="1.0" encoding="UTF-8"?>
<!DOCTYPE hibernate-mapping PUBLIC
"-//Hibernate/Hibernate Mapping DTD 3.0//EN"
"http://hibernate.sourceforge.net/hibernate-mapping-3.0.dtd">

<hibernate-mapping
	package="com.aonhewitt.portal.configuration.modules.linkres.model">

	<class name="LinkHandlerConfig" table="LINK_HANDLER" lazy="false"
		mutable="true">
		<composite-id>
			<key-property name="nodeId" type="string">
				<column name="HANDLER_ID" sql-type="varchar(40)" />
			</key-property>
			<key-property name="lineage" type="string" column="LINEAGE" />
			<key-property name="beginDate" type="date" column="BEG_DT" />
		</composite-id>
		<property generated="never" lazy="false" name="refId" column="REF_ID" />
		<property name="endDate" type="date" generated="never" lazy="false"
			column="END_DT" />
		<property name="ovrdActnCd" generated="never" lazy="false"
			column="OVRD_ACTN_CD" />
		<property name="desc" generated="never" lazy="false" column="DESC_TX" />
		<property name="handlerName" generated="never" lazy="false"
			column="HANDLER_NAME" />
		<property name="handlerClassName" generated="never" lazy="false"
			column="HANDLER_CLASSNAME" />
		<property name="handlerInternalId" generated="never" lazy="false"
			column="HANDLER_INTN_ID" />
			
			<!-- Audit -->
		<property column="CRT_DT" name="createdDate" />
		<property column="CRT_BY" name="createdBy" />
		<property column="LST_UPD_BY" name="updatedBy" />
		<property column="LST_UPD_DT" name="updatedDate" />
	</class>
</hibernate-mapping>