<?xml version="1.0" encoding="UTF-8"?>
<!DOCTYPE hibernate-mapping PUBLIC "-//Hibernate/Hibernate Mapping DTD 3.0//EN" "http://hibernate.sourceforge.net/hibernate-mapping-3.0.dtd" >
<hibernate-mapping  package="com.aonhewitt.portal.configuration.modules.linkres.model">

      <class name="LinkTypeAttribute" table="link_type_attribute">
        <id name="nodeId" type="string">
            <column name="id" />
            <generator class="assigned" />
        </id>
        <property name="lineage" type="string" column="LINEAGE" />
		<property name="linkTypeId" column="LINK_TYPE_ID"/>
        <property name="attributeLabel" type="string">
            <column name="label" length="45" />
        </property>
        <property name="attributeName" type="string">
            <column name="name" length="45" />
        </property>
        <property name="required" type="string">
            <column name="required" />
        </property>
        <property name="attributeValue" type="string">
            <column name="value" length="450" />
        </property>
        <property generated="never" lazy="false" name="refId" column="REF_ID" />
		
		<property generated="never" lazy="false" name="beginDate" type="date"
			column="BEG_DT" />		
		<property generated="never" lazy="false" name="endDate" type="date"
			column="END_DT" />
		<property generated="never" lazy="false" name="ovrdActnCd"
			column="OVRD_ACTN_CD" />
		<property generated="never" lazy="false" name="desc" column="DESC_TX" />
        
    </class>


</hibernate-mapping>