<?xml version="1.0"?>
<!-- Entry for all modules go here -->
<modules>
<!-- baseVirtualSubscribe="true"  -->
	<module id="CORE_LRS_HANDLER" desc="Link Handler" baseAutoSubscribe="true">			
			<!-- Query Names for loading Base Provisions -->
			<loader type="BASE" name="baseLoader">
				<query id="HANDLER">from BaseLinkHandlerConfig handler </query>
				<query id="ATTRIBUTES">from BaseAttributesConfig attribs where attribs.moduleId='CORE_LRS_HANDLER'</query>
				<query id="HANDLERATTRIBUTE" >from BaseLinkHandlerAttributeConfig bresattr order by bresattr.nodeId,bresattr.seqNo</query>				
			</loader>			
			<!-- Query Names for loading Client Provisions -->
			<loader type="CLIENT" name="clientLoader">
				<query id="HANDLER" >from LinkHandlerConfig handler where handler.lineage=? </query>
				<query id="ATTRIBUTES">from AttributesConfig attribs where attribs.lineage=? and attribs.moduleId='CORE_LRS_HANDLER'</query>
				<query id="HANDLERATTRIBUTE" >from LinkHandlerAttributeConfig bresattr where bresattr.lineage=? order by bresattr.nodeId,bresattr.seqNo</query>
			</loader>								
			<resolver type="BASE" name="baseResolver" />				
			<resolver type="CLIENT" name="clientResolver" />
			<relation>
				<parent id="HANDLER" targetLvl="true" baseChildAutoSubscribe="false">
					<child id="ATTRIBUTES" charId="HANDLERATTRIBUTE"/>						
				</parent>
				<parent id="ATTRIBUTES" />
			</relation>
	</module>

</modules>