<?xml version="1.0"?>
<!-- Entry for all modules go here -->
<modules>
<!-- baseVirtualSubscribe="true"  -->
	<module id="CORE_LRS_LINK" desc="Link" baseAutoSubscribe="true" isUCCE="true" isUPoint="true">			
			<!-- Query Names for loading Base Provisions -->
			<loader type="BASE" name="baseLoader">
				<query id="LINK">from BaseLinkConfig link </query>
				<query id="ATTRIBUTES">from BaseAttributesConfig attribs where attribs.moduleId='CORE_LRS_LINK'</query>					
				<query id="LINKOVERRIDE" >from BaseLinkOverrideConfig blnkovrd order by blnkovrd.nodeId,blnkovrd.seqNo</query>
				<query id="LINKATTRIBUTE" >from BaseLinkAttributeConfig linkattribs order by linkattribs.nodeId,linkattribs.seqNo</query>			
			</loader>			
			<!-- Query Names for loading Client Provisions -->
			<loader type="CLIENT" name="clientLoader">
				<query id="LINK" >from LinkConfig link where link.lineage=? </query>
				<query id="ATTRIBUTES">from AttributesConfig attribs where attribs.lineage=? and attribs.moduleId='CORE_LRS_LINK'</query>
				<query id="LINKOVERRIDE">from LinkOverrideConfig lnkovrd where lnkovrd.lineage=? </query>
				<query id="LINKATTRIBUTE">from LinkAttributeConfig lnkattr where lnkattr.lineage=? </query>
			</loader>								
			<resolver type="BASE" name="baseResolver" />				
			<resolver type="CLIENT" name="clientResolver" />
			<relation>
				<parent id="LINK" targetLvl="true" baseChildAutoSubscribe="false">
				    <child id="CORE_LRS_LINK_OVERRIDE" charId="LINKOVERRIDE" external="true"  desc="LINKOVRDS"/>
					<child id="ATTRIBUTES" charId="LINKATTRIBUTE"/>	
				</parent>
				<parent id="ATTRIBUTES" />
			</relation>
	</module>
</modules>