<?xml version="1.0"?>
<!-- Entry for all modules go here -->
<modules>
<!-- baseVirtualSubscribe="true"  -->
	<module id="CORE_LRS_LINK_TYPE" desc="Link Type" baseAutoSubscribe="true">			
			<!-- Query Names for loading Base Provisions -->
			<loader type="BASE" name="baseLoader">
				<query id="LINKTYPE">from BaseLinkTypeConfig linkType </query>								
			</loader>			
			<!-- Query Names for loading Client Provisions -->
			<loader type="CLIENT" name="clientLoader">
				<query id="LINKTYPE" >from LinkTypeConfig linkType where linkType.lineage=? </query>				
			</loader>								
			<resolver type="BASE" name="baseResolver" />				
			<resolver type="CLIENT" name="clientResolver" />
			<relation>
				<parent id="LINKTYPE" targetLvl="true">					
				</parent>
			</relation>
	</module>

</modules>