<?xml version="1.0"?>
<!-- Entry for all modules go here -->
<modules>
<!-- baseVirtualSubscribe="true"  -->
	<module id="CORE_LRS_LINK_OVERRIDE" desc="Link Override" baseAutoSubscribe="false" namespaceEnabled="false">			
			<!-- Query Names for loading Base Provisions -->
			<loader type="BASE" name="baseLoader">
				<query id="OVERRIDE">from BaseLinkOverridesConfig ovrd </query>					
				<query id="ATTRIBUTES">from BaseAttributesConfig attribs where attribs.moduleId='CORE_LRS_LINK_OVERRIDE'</query>
				<query id="OVERRIDEATTRIBUTE" >from BaseLinkOverrideAttributeConfig ovrdattribs order by ovrdattribs.nodeId,ovrdattribs.seqNo</query>
			</loader>			
			<!-- Query Names for loading Client Provisions -->
			<loader type="CLIENT" name="clientLoader">
				<query id="OVERRIDE" >from LinkOverridesConfig ovrd where ovrd.lineage=? </query>
				<query id="ATTRIBUTES">from AttributesConfig attribs where attribs.lineage=?  and attribs.moduleId='CORE_LRS_LINK_OVERRIDE'</query>
				<query id="OVERRIDEATTRIBUTE">from LinkOverrideAttributeConfig ovrdattribs where ovrdattribs.lineage=? order by ovrdattribs.nodeId</query>				
			</loader>								
			<resolver type="BASE" name="baseResolver" />				
			<resolver type="CLIENT" name="clientResolver" />
			<relation>
				<parent id="OVERRIDE" targetLvl="true">
					<child id="ATTRIBUTES" charId="OVERRIDEATTRIBUTE"/>						
				</parent>
				<parent id="ATTRIBUTES" />
			</relation>
	</module>
</modules>