<?xml version="1.0"?>
<!-- Entry for all modules go here -->
<modules>
<!-- baseVirtualSubscribe="true"  -->
	<module id="CORE_LRS_TREATMENT" desc="Link Treatment" baseAutoSubscribe="true">			
			<!-- Query Names for loading Base Provisions -->
			<loader type="BASE" name="baseLoader">
				<query id="TREATMENT">from BaseLinkTreatmentConfig treatment </query>
				<query id="ATTRIBUTES">from BaseAttributesConfig attribs where attribs.moduleId='CORE_LRS_TREATMENT'</query>
				<query id="TREATMENTATTRIBUTE" >from BaseLinkTreatmentAttributeConfig btreatattr order by btreatattr.nodeId,btreatattr.seqNo</query>				
			</loader>			
			<!-- Query Names for loading Client Provisions -->
			<loader type="CLIENT" name="clientLoader">
				<query id="TREATMENT" >from LinkTreatmentConfig treatment where treatment.lineage=?</query>
				<query id="ATTRIBUTES">from AttributesConfig attribs where attribs.lineage=? and attribs.moduleId='CORE_LRS_TREATMENT'</query>
				<query id="TREATMENTATTRIBUTE" >from LinkTreatmentAttributeConfig btreatattr where btreatattr.lineage=? order by btreatattr.nodeId,btreatattr.seqNo</query>
			</loader>								
			<resolver type="BASE" name="baseResolver" />				
			<resolver type="CLIENT" name="clientResolver" />
			<relation>
				<parent id="TREATMENT" targetLvl="true" baseChildAutoSubscribe="false">
					<child id="ATTRIBUTES" charId="TREATMENTATTRIBUTE"/>						
				</parent>
				<parent id="ATTRIBUTES" />
			</relation>
	</module>

</modules>