<?xml version="1.0"?>
<!DOCTYPE kb-feed SYSTEM "kb-feed_1_0.dtd">

<kb-feed>
    <company-id><![CDATA[1]]></company-id>
    <group-id><![CDATA[23]]></group-id>
    <feed-import-style><![CDATA[FULL]]></feed-import-style>
    <records>
        <record>
            <title><![CDATA[Are You Saving Enough?]]></title>
            <url><![CDATA[https://svnclientprd.hewitt.com/svn/cse/cse_repos/Projects/ftrvisuals/pages/dc/DcFnclCntt010Svng.htm
			]]></url>
            <content><![CDATA[You may need 10 times your final year's salary in retirement. Tips to help you save enough include: enroll in the company savings plan, get the company match, and increase your contributions.]]></content>
            <keywords><![CDATA[save, saving, retirement, retire, retirement plan, 401(k), catch up, company match, matching contribution, automatic deductions, contribute, contributions. ]]></keywords>
            <type><![CDATA[html]]></type>
            <tags><![CDATA[secure content]]></tags>
            <display-start-date><![CDATA[2011-11-16-12.00.00.000000]]></display-start-date>
            <display-expiry-date><![CDATA[2015-12-31-11.59.59.000000]]></display-expiry-date>
        </record>
    </records>
</kb-feed>