<?xml version="1.0" encoding="UTF-8"?>
<!--
 !
 ! Copyright 2006 The Apache Software Foundation.
 !
 ! Licensed under the Apache License, Version 2.0 (the "License");
 ! you may not use this file except in compliance with the License.
 ! You may obtain a copy of the License at
 !
 !      http://www.apache.org/licenses/LICENSE-2.0
 !
 ! Unless required by applicable law or agreed to in writing, software
 ! distributed under the License is distributed on an "AS IS" BASIS,
 ! WITHOUT WARRANTIES OR CONDITIONS OF ANY KIND, either express or implied.
 ! See the License for the specific language governing permissions and
 ! limitations under the License.
 !-->
<wsp:Policy wsu:Id="SigOnly" xmlns:wsu="http://docs.oasis-open.org/wss/2004/01/oasis-200401-wss-wssecurity-utility-1.0.xsd" xmlns:wsp="http://schemas.xmlsoap.org/ws/2004/09/policy">
	<wsp:ExactlyOne>
		<wsp:All>
			<sp:AsymmetricBinding xmlns:sp="http://schemas.xmlsoap.org/ws/2005/07/securitypolicy">
				<wsp:Policy>
					<sp:InitiatorToken>
						<wsp:Policy>
							<sp:X509Token sp:IncludeToken="http://schemas.xmlsoap.org/ws/2005/07/securitypolicy/IncludeToken/AlwaysToRecipient">
								<wsp:Policy>
									<sp:WssX509V3Token10/>
								</wsp:Policy>
							</sp:X509Token>
						</wsp:Policy>
					</sp:InitiatorToken>
					<sp:RecipientToken>
						<wsp:Policy>
							<sp:X509Token sp:IncludeToken="http://schemas.xmlsoap.org/ws/2005/07/securitypolicy/IncludeToken/AlwaysToRecipient">
								<wsp:Policy>
									<sp:WssX509V3Token10/>
								</wsp:Policy>
							</sp:X509Token>
						</wsp:Policy>
					</sp:RecipientToken>
					<sp:AlgorithmSuite>
						<wsp:Policy>
							<sp:TripleDesSha256Rsa15/>
						</wsp:Policy>
					</sp:AlgorithmSuite>
					<sp:Layout>
						<wsp:Policy>
							<sp:Strict/>
						</wsp:Policy>
					</sp:Layout>
					<sp:OnlySignEntireHeadersAndBody/>
					<sp:IncludeTimestamp/>
				</wsp:Policy>
			</sp:AsymmetricBinding>
			<sp:Wss10 xmlns:sp="http://schemas.xmlsoap.org/ws/2005/07/securitypolicy">
				<wsp:Policy>
					<sp:MustSupportRefKeyIdentifier/>
					<sp:MustSupportRefIssuerSerial/>
				</wsp:Policy>
			</sp:Wss10>
			<sp:SignedParts xmlns:sp="http://schemas.xmlsoap.org/ws/2005/07/securitypolicy">
				<sp:Body/>
			</sp:SignedParts>
			
			<ramp:RampartConfig xmlns:ramp="http://ws.apache.org/rampart/policy"> 
				<ramp:user>Portal4SignKeys</ramp:user>
				<ramp:passwordCallbackClass>com.aonhewitt.portal.hasbro.base.service.ClientPasswordCallback</ramp:passwordCallbackClass>
				<ramp:signatureCrypto>
					<ramp:crypto provider="com.aonhewitt.portal.hasbro.base.service.HAWebServicesCrypto" cryptoKey="org.apache.ws.security.crypto.keystore.path">
						<ramp:property name="org.apache.ws.security.crypto.keystore.type">JKS</ramp:property>
						<ramp:property name="org.apache.ws.security.crypto.keystore.path">${prprConfigRoot}keys/PortalKeyStore</ramp:property>
						<ramp:property name="org.apache.ws.security.crypto.keystore.password">password</ramp:property>
					</ramp:crypto>
				</ramp:signatureCrypto>
			</ramp:RampartConfig>

		</wsp:All>
	</wsp:ExactlyOne>
</wsp:Policy>
