<?xml version="1.0" encoding="UTF-8"?>
<!DOCTYPE hibernate-mapping PUBLIC
"-//Hibernate/Hibernate Mapping DTD 3.0//EN"
"http://hibernate.sourceforge.net/hibernate-mapping-3.0.dtd">

<hibernate-mapping package="com.aonhewitt.portal.base.navigation.entity">

    <class name="BaseNavigationHierarchyEntity" table="BASE_NAVIGATION_HIERARCHY">
        <id name="nodeId" type="string" length="255">
			<column name="CHLD_ID" sql-type="varchar(255)" />
			<generator class="assigned" />
		</id> 
		<property name="sequenceNo" column="SEQUENCE_NO" type="java.lang.Integer" />
  	    <property name="parentNavigationItem" column="PARENT_NAVIGATION_ITEM" type="java.lang.String" />
        <property name="navigationItemId" column="NAV_ITEM_ID" type="java.lang.String" length="255" not-null="true" />
        <property name="status" column="STATUS" not-null="true">
			<type name="org.hibernate.type.EnumType">
				<param name="enumClass">com.aonhewitt.portal.base.navigation.model.StatusType</param>
				<param name="type">12</param>
			</type>
		</property>
        <!-- default columns -->
        <property name="overrideable">
            <column name="OVERRIDEABLE" />
        </property>
        <property name="needsMoreInfo">
            <column name="NEEDS_MORE_INFO" />
        </property>
		<property name="beginDate" column="BEG_DT" generated="never" lazy="false" type="date"/>
  		<property name="endDate" column="END_DT" generated="never" lazy="false"  type="date"/>	
  		<property column="CRT_DT" name="createdDate" />
  		<property column="CRT_BY" name="createdBy" />
 		<property column="LST_UPD_BY" name="updatedBy" />
  		<property column="LST_UPD_DT" name="updatedDate" />
    </class>
</hibernate-mapping>
