<?xml version="1.0" encoding="UTF-8"?>
<!DOCTYPE hibernate-mapping PUBLIC
"-//Hibernate/Hibernate Mapping DTD 3.0//EN"
"http://hibernate.sourceforge.net/hibernate-mapping-3.0.dtd">

<hibernate-mapping package="com.aonhewitt.portal.base.navigation.entity">

	<class name="BaseNavigationItemEntity" table="BASE_NAVIGATION_ITEMS" lazy="false" mutable="true">

		<id name="nodeId" type="string" length="255">
			<column name="NAV_ITEM_ID" sql-type="varchar(255)" />
			<generator class="assigned" />
		</id>
		<property name="itemName" column="NAV_ITEM_NAME" type="java.lang.String" />
		<property name="itemDisc" column="NAV_ITEM_DESC" type="java.lang.String" />
		<property name="primaryCategory" column="PRIMARY_CATEGORY" type="java.lang.String" />
		<property name="authType" column="AUTH_TYPE"
			not-null="true">
			<type name="org.hibernate.type.EnumType">
				<param name="enumClass">com.aonhewitt.portal.base.navigation.model.AuthType</param>
				<param name="type">12</param>
			</type>
		</property>
        <property name="assetGrpName" column="ASSET_GRP_NAME" type="java.lang.String" length="255" />
		<property name="status" column="STATUS" not-null="true">
			<type name="org.hibernate.type.EnumType">
				<param name="enumClass">com.aonhewitt.portal.base.navigation.model.StatusType</param>
				<param name="type">12</param>
			</type>
		</property>
		<property name="overrideable">
            <column name="overrideable" />
        </property>
        <property name="needsMoreInfo">
            <column name="needsMoreInfo" />
        </property>
		<property name="beginDate" column="BEG_DT" generated="never" lazy="false" type="date"/>
  		<property name="endDate" column="END_DT" generated="never" lazy="false"  type="date"/>	
  		<property column="CRT_DT" name="createdDate" />
  		<property column="CRT_BY" name="createdBy" />
 		<property column="LST_UPD_BY" name="updatedBy" />
  		<property column="LST_UPD_DT" name="updatedDate" />
  		<set name="baseNavigationChildItems" table="BASE_NAVIGATION_CHILD_ITEMS" inverse="true" lazy="false" fetch="subselect"  cascade="all">
            <key>
                <column name="NAV_ITEM_ID" length="255" not-null="true" />
            </key>
            <one-to-many class="BaseNavigationChildItemEntity" />
        </set>      
	</class>
	 <class name="BaseNavigationChildItemEntity" table="BASE_NAVIGATION_CHILD_ITEMS">
        <id name="nodeID" type="string" length="255">
			<column name="CHLD_ID" sql-type="varchar(255)" />
			<generator class="assigned" />
		</id> 
		<property name="sequenceNo" column="SEQUENCE_NO" type="java.lang.Integer" />
  	    <property name="parentNavigationItem" column="PARENT_NAVIGATION_ITEM" type="java.lang.String" />
      <many-to-one name="baseNavEntity" class="BaseNavigationItemEntity" fetch="select">
            <column name="NAV_ITEM_ID" length="255" not-null="true" />
        </many-to-one>
    </class>
</hibernate-mapping>
