<?xml version="1.0" encoding="UTF-8"?>
<!DOCTYPE hibernate-mapping PUBLIC
"-//Hibernate/Hibernate Mapping DTD 3.0//EN"
"http://hibernate.sourceforge.net/hibernate-mapping-3.0.dtd">

<hibernate-mapping package="com.aonhewitt.portal.base.navigation.entity">

	<class name="NavigationAttributesEntity" table="NAVIGATION_ATTRIBUTES" lazy="false" mutable="true">
        <composite-id mapped="false" unsaved-value="undefined">
       		<key-property name="nodeId" type="string" length="255">
        		<column name="NAV_ITEM_ID" sql-type="varchar(255)" />
       		</key-property>
       		<key-property name="lineage" type="string" length="20">
       		    <column name="LINEAGE" sql-type="varchar(20)" not-null="true" />
       		</key-property>
      	</composite-id>
      	      	
      	<version name="versionNo" insert="true" access= "property">
			<column name="NAVIGATION_VRSN_NR"/>
		</version>
		  
		<property name="itemName" column="NAV_ITEM_NAME" type="java.lang.String" />
		<property name="refId" column="REF_ID" type="java.lang.String" />
		<property name="itemDisc" column="NAV_ITEM_DESC" type="java.lang.String" />			
		<property name="authType" column="AUTH_TYPE"
			not-null="true">
			<type name="org.hibernate.type.EnumType">
				<param name="enumClass">com.aonhewitt.portal.base.navigation.model.AuthType</param>
				<param name="type">12</param>
			</type>
		</property>
		 <!-- default columns 
        <property name="overrideable">
            <column name="OVERRIDEABLE" />
        </property> -->
        <property name="needsMoreInfo">
            <column name="NEEDS_MORE_INFO" />
        </property>		
		<property name="primaryCategory" column="PRIMARY_CATEGORY" type="java.lang.String" />
		<property name="assetGrpName" column="ASSETGRP" type="java.lang.String" length="255" />
		<property name="ovrdActnCd" generated="never" lazy="false"
			column="OVRD_ACTN_CD" length="10" />
		<property name="beginDate" column="BEG_DT" generated="never" lazy="false" type="date"/>
  		<property name="endDate" column="END_DT" generated="never" lazy="false"  type="date"/>	
		<!-- default columns -->		
		<!-- Audit -->
		<property column="CRT_DT" name="createdDate" />
  		<property column="CRT_BY" name="createdBy" />
 		<property column="LST_UPD_BY" name="updatedBy" />
  		<property column="LST_UPD_DT" name="updatedDate" />  		
	</class>
</hibernate-mapping>
