<?xml version="1.0" encoding="UTF-8"?>
<!DOCTYPE hibernate-mapping PUBLIC
"-//Hibernate/Hibernate Mapping DTD 3.0//EN"
"http://hibernate.sourceforge.net/hibernate-mapping-3.0.dtd">

<hibernate-mapping package="com.aonhewitt.portal.base.navigation.entity">

	<class name="NavigationHierarchyAuditEntity" table="NAV_HRCHY_AUDIT" lazy="false" mutable="true"
		dynamic-insert="true" polymorphism="explicit">
		
		<id name="auditNodeId" type="string">
			<column name="ADT_NODE_ID" length="40" />
			<generator class="assigned" />
		</id>

		<property name="auditId" type="string" length="40" column="AUDIT_ID"/>		
		<property name="oldValue" column="OLD_VALUE" type="java.lang.String" length="4000" not-null="true" />
		<property name="newValue" column="NEW_VALUE" type="java.lang.String" length="4000" not-null="true" />
		
	</class>
</hibernate-mapping>
