<?xml version="1.0"?>
<!-- Entry for all modules go here -->
<modules>
	<!-- baseVirtualSubscribe="true"  -->
	<module id="NAVIGATION_ATTRIBUTES" desc="Navigation Attributes" baseAutoSubscribe="true">							
			
			<!-- Query Names for loading Base Provisions -->
			<loader type="BASE" name="baseLoader">
				<query id="NAV_ITEM">from BaseNavigationAttributesEntity </query>
			</loader>
						
			<!-- Query Names for loading Client Provisions -->
			<loader type="CLIENT" name="clientLoader">
				<query id="NAV_ITEM" >from NavigationAttributesEntity e where e.lineage=?	</query>
			</loader>
											
			<resolver type="BASE" name="baseResolver" />				
			<resolver type="CLIENT" name="clientResolver" />
			
			<relation>
				<parent id="NAV_ITEM" targetLvl="true" />
			</relation>
	</module>

</modules>