<?xml version="1.0"?>
<!-- Entry for all modules go here -->
<modules>
	<!-- baseVirtualSubscribe="true"  -->
	<module id="NAVIGATION_HIERARCHY" desc="Navigation Hierarchy" baseAutoSubscribe="true">						
			
			<!-- Query Names for loading Base Provisions -->
			<loader type="BASE" name="baseLoader">
				<query id="NAV_ITEM_HIERARCHY">from BaseNavigationHierarchyEntity </query>
			</loader>
						
			<!-- Query Names for loading Client Provisions -->
			<loader type="CLIENT" name="clientLoader">
				<query id="NAV_ITEM_HIERARCHY" >from NavigationHierarchyEntity e where e.lineage=?	</query>
			</loader>
											
			<resolver type="BASE" name="baseResolver" />				
			<resolver type="CLIENT" name="clientResolver" />
			
			<relation>
				<parent id="NAV_ITEM_HIERARCHY" targetLvl="true" />
			</relation>
	</module>

</modules>