<?xml version="1.0"?>
<!DOCTYPE hibernate-mapping PUBLIC "-//Hibernate/Hibernate Mapping DTD 3.0//EN"
"http://hibernate.sourceforge.net/hibernate-mapping-3.0.dtd">
<!-- Generated Mar 14, 2013 9:30:58 AM by Hibernate Tools 3.4.0.CR1 -->
<hibernate-mapping package="com.aonhewitt.portal.core.tooling.model">
	
    <class name="FutureJobs" table="FutureJobs" >
        <id name="nodeId" type="string">
            <column name="id" length="45" />
            <generator class="assigned" />
        </id>
        <property name="assetKey" type="string">
            <column name="assetKey" length="45" not-null="true" />
        </property>
        <property name="assetHandlerClass" type="string">
            <column name="assetHandlerClass" length="450" not-null="true" />
        </property>

        <property name="action" type="string">
            <column name="action" length="45" not-null="true" />
        </property>
        
        <property name="actionDate" type="date">
            <column name="actionDate" not-null="true" />
        </property>
        <property name="creationDate" type="date">
            <column name="creationDate"/>
        </property>
 		 <property name="createdBy" type="string">
            <column name="createdBy" length="45" />
        </property>
         <property name="lineage" type="string">
            <column name="lineage" length="45" />
        </property>
        
    </class>
</hibernate-mapping>
