<?xml version="1.0" encoding="UTF-8"?>
<!DOCTYPE hibernate-mapping PUBLIC "-//Hibernate/Hibernate Mapping DTD 3.0//EN"
                                   "http://hibernate.sourceforge.net/hibernate-mapping-3.0.dtd">
<hibernate-mapping package="com.aonhewitt.portal.configuration.modules.txt.model">
 <class lazy="false" mutable="true" name="BaseTxtConfig" table="BASE_TX">
  <id column="TX_ID" length="40" name="nodeId" type="java.lang.String" >
   <generator class="assigned"/>
  </id>
  <property name="endDate" type="date" column="END_DT"/>
  <property column="TX_NM" generated="never" lazy="false" name="txNm"/>
  <property column="LCLE_CD" generated="never" lazy="false" name="lcleCd"/>
  <property column="TX_VL" generated="never" lazy="false" name="txVl" length="2000"/>
  <property column="BEG_DT" name="beginDate" />
  <property column="TX_DSC" name="desc" />
  <property name="version" column="VRSN_NR" />
  <property column="IS_REUSABLE" name="reusable"/>
  
<!-- Audit -->  
  <property column="CRT_DT" name="createdDate" />
  <property column="CRT_BY" name="createdBy" />
  <property column="LST_UPD_BY" name="updatedBy" />
  <property column="LST_UPD_DT" name="updatedDate" />
  
  <property column="IS_OVRD" name="overrideable" />
  <property column="IS_NDS_MR_INFO" name="needsMoreInfo" />
 </class>
</hibernate-mapping>
