<?xml version="1.0"?>
<!-- Entry for all modules go here -->
<modules>
	<!-- Entry for PID module -->
	<module id="CORE_TXT_RESOLVER" desc="Text" baseAutoSubscribe="true" isUCCE="true" isUPoint="true">						
		<!-- Query Names for loading Base Configuration -->
		<loader type="BASE" name="baseLoader">
			<query id="TXTACTV">from BaseTxtConfig btxt</query>
		</loader>			
		<!-- Query Names for loading Client Configuration -->
		<loader type="CLIENT" name="clientLoader">
			<query id="TXTACTV" >from TxtConfig txt where txt.lineage=?</query>
		</loader>		
		<resolver type="BASE" name="baseResolver" />				
		<resolver type="CLIENT" name="clientResolver" />
		<relation>
			<parent id="TXTACTV" targetLvl="true" />
		</relation>
	</module>
</modules>