<?xml version="1.0"?>
<parmConfig:partparm
	xmlns:parmConfig="http://www.aonhewitt.com/benefits/portal/partparm/mockpartparm.xsd"
	xmlns:xsi="http://www.w3.org/2001/XMLSchema-instance"
	xsi:schemaLocation="http://www.aonhewitt.com/benefits/portal/partparm/mockpartparm.xsd mockpartparm.xsd">
            
<!-- 

	These parms are used for setting user population, that will be used for announcements.
	Setting the parm 'value' to true for a given parm 'name' will make the user belong to that population
	and setting it to false means user does not belong to that population
	
	
	
 -->            
	
<group key="UsrPopCdParms" lineage="08086_1.0" desc ="Accenture user population">
	<mockpartparm  lineage="08086_1.0" name="isExec" value="true" type="Boolean"></mockpartparm >
	<mockpartparm  lineage="08086_1.0" name="isCS" value="true" type="Boolean"></mockpartparm >
	<mockpartparm  lineage="08086_1.0" name="isIT" value="true" type="Boolean"></mockpartparm >
	<mockpartparm  lineage="08086_1.0" name="isCOM" value="true" type="Boolean"></mockpartparm >
	<mockpartparm  lineage="08086_1.0" name="isBEN" value="true" type="Boolean"></mockpartparm >
	<mockpartparm  lineage="08086_1.0" name="isAT" value="true" type="Boolean"></mockpartparm >
	<mockpartparm  lineage="08086_1.0" name="isCU" value="true" type="Boolean"></mockpartparm >
	<mockpartparm  lineage="08086_1.0" name="isSAL" value="true" type="Boolean"></mockpartparm >
</group>
	
	
<group key="UsrPopCdParms" lineage="08666_1.0" desc ="Best Buy user population">
	<mockpartparm  lineage="08666_1.0" name="isExec" value="true" type="Boolean"></mockpartparm >
	<mockpartparm  lineage="08666_1.0" name="isCS" value="true" type="Boolean"></mockpartparm >
	<mockpartparm  lineage="08666_1.0" name="isIT" value="true" type="Boolean"></mockpartparm >
	<mockpartparm  lineage="08666_1.0" name="isCOM" value="true" type="Boolean"></mockpartparm >
	<mockpartparm  lineage="08666_1.0" name="isBEN" value="true" type="Boolean"></mockpartparm >
	<mockpartparm  lineage="08666_1.0" name="isAT" value="true" type="Boolean"></mockpartparm >
	<mockpartparm  lineage="08666_1.0" name="isCU" value="true" type="Boolean"></mockpartparm >
	<mockpartparm  lineage="08666_1.0" name="isSAL" value="true" type="Boolean"></mockpartparm >
</group>
	
	





</parmConfig:partparm>