<?xml version="1.0" encoding="UTF-8"?>
<!DOCTYPE hibernate-mapping PUBLIC "-//Hibernate/Hibernate Mapping DTD 3.0//EN"
                                   "http://hibernate.sourceforge.net/hibernate-mapping-3.0.dtd">
<hibernate-mapping package="com.aonhewitt.portal.configuration.modules.pageeligibility">
 <class lazy="false" mutable="true" name="BasePagePortletExpressionConfig" table="BASE_TL_PG_EXP">
  <composite-id mapped="false" unsaved-value="undefined">
   <key-property name="nodeId" type="string" length="40">
    <column name="ID" sql-type="char(40)"/>
   </key-property>
   <key-property column="PG_NM" name="page" type="string"/>
   <key-property column="PRTLT_NM" name="portlet" type="string"/>
  </composite-id>
  
  <property column="EXP_NM" name="expression" />
  <property name="endDate" type="date" column="END_DT"/>
  <property column="BEG_DT" name="beginDate" />
  
<!-- Audit -->  
  <property column="CRT_DT" name="createdDate" />
  <property column="CRT_BY" name="createdBy" />
  <property column="LST_UPD_BY" name="updatedBy" />
  <property column="LST_UPD_DT" name="updatedDate" />
  
 </class>
</hibernate-mapping>
