<?xml version="1.0" encoding="UTF-8"?>
<!DOCTYPE hibernate-mapping PUBLIC "-//Hibernate/Hibernate Mapping DTD 3.0//EN"
                                   "http://hibernate.sourceforge.net/hibernate-mapping-3.0.dtd">
<hibernate-mapping package="com.aonhewitt.portal.configuration.modules.pageeligibility">
 <class lazy="false" mutable="true" name="BasePagePortletExpressionConfig" table="BASE_TL_PG_EXP_AUDIT" entity-name="BasePagePortletExpressionConfigAudit" dynamic-insert="true" polymorphism="explicit">
	 <id name="auditNodeId" type="string">
		<column name="ADT_NODE_ID" length="40" />
		<generator class="assigned" />
	</id>
	<property name="nodeId" type="string">
		<column name="ID" length="40" />
	</property>
   <property column="PG_NM" name="page" type="string"/>
   <property column="PRTLT_NM" name="portlet" type="string"/>
  
  
  <property column="EXP_NM" name="expression" />
  <property name="endDate" type="date" column="END_DT"/>
  <property column="BEG_DT" name="beginDate" />
  
<!-- Audit -->  
  <property column="CRT_DT" name="createdDate" />
  <property column="CRT_BY" name="createdBy" />
  <property column="LST_UPD_BY" name="updatedBy" />
  <property column="LST_UPD_DT" name="updatedDate" />
  
 </class>
</hibernate-mapping>
