<?xml version="1.0"?>
<!-- Entry for all modules go here -->
<modules>

	
	<module id="TOOLING_PAGE_EXPRESSION" desc="Page and Portlet Expression" baseAutoSubscribe="true">			
		<!-- Query Names for loading Base Configuration -->
		<loader type="BASE" name="baseLoader">
			<query id="PAGEEXPR">from BasePagePortletExpressionConfig bpe</query>
		</loader>			
		<!-- Query Names for loading Client Configuration -->
		<loader type="CLIENT" name="clientLoader">
			<query id="PAGEEXPR" >from PagePortletExpressionConfig pe where pe.lineage=?</query>
		</loader>		
		<resolver type="BASE" name="baseResolver" />				
		<resolver type="CLIENT" name="clientResolver" />
		<relation>
			<parent id="PAGEEXPR" targetLvl="true" />
		</relation>
	</module>
</modules>