<?xml version="1.0" encoding="UTF-8"?>
<!DOCTYPE hibernate-mapping PUBLIC "-//Hibernate/Hibernate Mapping DTD 3.0//EN"
                                   "http://hibernate.sourceforge.net/hibernate-mapping-3.0.dtd">
<hibernate-mapping package="com.aonhewitt.portal.configuration.modules.pageeligibility">
 <class lazy="false" mutable="true" name="PagePortletExpressionConfig" table="TL_PG_EXP_AUDIT" entity-name="PagePortletExpressionConfigAudit" dynamic-insert="true" polymorphism="explicit">
	<id name="auditNodeId" type="string">
		<column name="ADT_NODE_ID" length="40" />
		<generator class="assigned" />
	</id>
	<property name="nodeId" type="string">
		<column name="ID" length="40" />
	</property>
   <property column="LINEAGE" name="lineage" type="string"/>
   <property column="PG_NM" name="page" type="string"/>
   <property column="PRTLT_NM" name="portlet" type="string"/>
  <property column="EXP_NM" name="expression" />
<!-- Client override -->
  <property column="END_DT" generated="never" lazy="false" name="endDate" type="date"/>
  <property column="BEG_DT" name="beginDate" type="date"/>
  
<!-- Audit -->  
  <property column="CRT_DT" name="createdDate" />
  <property column="CRT_BY" name="createdBy" />
  <property column="LST_UPD_BY" name="updatedBy" />
  <property column="LST_UPD_DT" name="updatedDate" />
  
 </class>
</hibernate-mapping>
