<?xml version="1.0"?>
<!-- Entry for all modules go here -->
<modules>


	<module id="UCE_EXTRAFIELDS" desc="ExtraFields" baseAutoSubscribe="true" isUCCE="true" isUPoint="false" >
		<!-- Query Names for loading Base Configuration -->
		<loader type="BASE" name="baseLoader">
			<query id="UcceExtraConfig">from BaseUcceExtraFieldsConfig </query>
		</loader>
		<!-- Query Names for loading Client Configuration -->
		<loader type="CLIENT" name="clientLoader">
			<query id="UcceExtraConfig">from UcceExtraFieldsConfig extraFieldsConfig where extraFieldsConfig.extraFieldsCompositeId.lineage=?	</query>
		</loader>
		<resolver type="BASE" name="baseResolver" />
		<resolver type="CLIENT" name="clientResolver" />
		<relation>
			<parent id="UcceExtraConfig" targetLvl="true" />
		</relation>
	</module>
</modules>