<?xml version="1.0"?>
<!DOCTYPE hibernate-mapping PUBLIC "-//Hibernate/Hibernate Mapping DTD 3.0//EN"
"http://hibernate.sourceforge.net/hibernate-mapping-3.0.dtd">
<!-- Generated May 28, 2013 11:08:24 AM by Hibernate Tools 3.4.0.CR1 -->
<hibernate-mapping package="com.aonhewitt.portal.feature.ucce.model">	
	
	<class name="UcceExtraFieldsConfig" table="UCE_EXTRAFIELDS" >
	 
		<composite-id mapped="false" name="extraFieldsCompositeId" class="UcceExtraFieldsCompositeId" >
			<key-property name="lineage" column="LINEAGE"  type="java.lang.String" />
			<key-property name="module" column="MODULE_NM" type="java.lang.String" />
			<key-property name="moduleId" column="MODULE_ID" type="java.lang.String" />
			<key-property name="fieldName" column="FIELD_NAME"/>
        </composite-id>
		<property name="nodeId" type="string">
            <column name="ID" length="40"  />
        </property>	       
		<property name="value" type="string">
            <column name="FIELD_VALUE" length="4000"  />
        </property>
        <property name="createdBy" type="string">
            <column name="CRT_BY" length="45"  />
        </property>
        <property name="createdDate" column="CRT_DT" type="date"/>           	
        
        <property name="lstUpdtBy" type="string">
            <column name="LST_UPD_BY" length="255"  />
        </property>	
        
        <property name="lstUpdtDate" type="date" column="LST_UPD_DT"/>         
      
               			
		<!-- Required columns for Client kernel tables  -->
		<property name="beginDate" column="BEG_DT" type="date"/>
  		<property name="endDate" column="END_DT" type="date"/>
  		 <property name="desc" type="string">
			<column name="DESC_TX" length="900" />
		</property>	
		<property name="ovrdActnCd" generated="never" lazy="false"
			column="OVRD_ACTN_CD" length="255" />
		<!-- Audit -->
	</class>
	
</hibernate-mapping>