<?xml version="1.0" encoding="UTF-8"?>
<!DOCTYPE hibernate-mapping PUBLIC "-//Hibernate/Hibernate Mapping DTD 3.0//EN"
                                   "http://hibernate.sourceforge.net/hibernate-mapping-3.0.dtd">
<hibernate-mapping package="com.aonhewitt.portal.configuration.modules.sessiontimeout.model">
 <class lazy="false" mutable="true" name="BaseSessionTimeoutConfig" table="BASE_SESS_TMOT">
  <id column="TMOT_ID" length="40" name="nodeId" type="java.lang.String" >
   <generator class="assigned"/>
  </id>
  <property name="endDate" type="date" column="END_DT"/>
  <property column="TMOT_NM" generated="never" lazy="false" name="tmotNm"/>
  <property column="TMOT_VL" type="int" generated="never" lazy="false" name="tmotVl"/>
  <property column="TMOT_TYPE_CD" generated="never" lazy="false" name="tmotTypeCd" type="string" length="10"/>
  <property column="BEG_DT" name="beginDate" />
  <property column="DESC_TX" name="desc" />
  <property name="version" column="VRSN_NR" />
   <!-- Audit -->  
  <property column="CRT_DT" name="createdDate" />
  <property column="CRT_BY" name="createdBy" />
  <property column="LST_UPD_BY" name="updatedBy" />
  <property column="LST_UPD_DT" name="updatedDate" />
 </class>
</hibernate-mapping>
