<?xml version="1.0"?>
<!-- Entry for all modules go here -->
<modules>
	<!-- Entry for PID module -->
	<module id="CORE_SESSION_TIMEOUT" desc="Session Timeout" baseAutoSubscribe="true" isUCCE="true" isUPoint="true">						
		<!-- Query Names for loading Base Configuration -->
		<loader type="BASE" name="baseLoader">
			<query id="SESSIONTIMEOUTCONFIG">from BaseSessionTimeoutConfig sesionCfg</query>
		</loader>			
		<!-- Query Names for loading Client Configuration -->
		<loader type="CLIENT" name="clientLoader">
			<query id="SESSIONTIMEOUTCONFIG" >from SessionTimeoutConfig sesionCfg where sesionCfg.lineage=?</query>
		</loader>		
		<resolver type="BASE" name="baseResolver" />				
		<resolver type="CLIENT" name="clientResolver" />
		<relation>
			<parent id="SESSIONTIMEOUTCONFIG" targetLvl="true" />
		</relation>
	</module>
</modules>