<?xml version="1.0" encoding="UTF-8"?>

<!DOCTYPE prprRoot SYSTEM "../../Hewitt/frameworks/properties/property.dtd">

    <prprRoot vrsn_ct="1" name="01211_portal" extends="runtime/portal/property.portal.r7.04.xml">

            <prpr name = "BLACKOUT_TEXT_FROM_PROPS" encryptionClass = "com.hewitt.cat.tba.properties.encrypter.NoOpPropertyEncrypter">
                <lcycl name="qa">
                        <prprvl bgdt="2000.01.01 00:00" endt="3000.01.01 00:00">TRUE</prprvl>
                </lcycl>
            </prpr>

            <prpr name = "CM_TARGET_END_POINT" encryptionClass = "com.hewitt.cat.tba.properties.encrypter.NoOpPropertyEncrypter">
                <lcycl name="tu">
                        <prprvl bgdt="2000.01.01 00:00" endt="3000.01.01 00:00">https://services.qa.alight.com/AHServiceGatewayQA/services/alight/CMServices</prprvl>
                </lcycl>
                <lcycl name="dv">
                        <prprvl bgdt="2000.01.01 00:00" endt="3000.01.01 00:00">https://int-services.qc.alight.com/AHServiceGatewayQC/services/alight/CMServices</prprvl>
                </lcycl>
            </prpr>

            <prpr name = "CREDENTIAL_TARGET_END_POINT" encryptionClass = "com.hewitt.cat.tba.properties.encrypter.NoOpPropertyEncrypter">
                <lcycl name="tu">
                        <prprvl bgdt="2000.01.01 00:00" endt="3000.01.01 00:00">https://services.qa.alight.com/AHServiceGatewayQA/services/alight/CredentialMgmtServices</prprvl>
                </lcycl>
                <lcycl name="dv">
                        <prprvl bgdt="2000.01.01 00:00" endt="3000.01.01 00:00">https://int-services.qc.alight.com/AHServiceGatewayQC/services/alight/CredentialMgmtServices</prprvl>
                </lcycl>
            </prpr>

            <prpr name = "FRAUD_SKIP_RSA_DEFAULT" encryptionClass = "com.hewitt.cat.tba.properties.encrypter.NoOpPropertyEncrypter">
                <lcycl name="tu">
                        <prprvl bgdt="2000.01.01 00:00" endt="3000.01.01 00:00">FALSE</prprvl>
                </lcycl>
            </prpr>

            <prpr name = "HM_ENROLL_TARGET_END_POINT" encryptionClass = "com.hewitt.cat.tba.properties.encrypter.NoOpPropertyEncrypter">
                <lcycl name="qc">
                        <prprvl bgdt="2000.01.01 00:00" endt="3000.01.01 00:00">https://int-services.stg.alight.com/ProcessEngineWeb_STG/services/alight/PersonHMActivity</prprvl>
                </lcycl>
                <lcycl name="qa">
                        <prprvl bgdt="2000.01.01 00:00" endt="3000.01.01 00:00">https://int-services.stg.alight.com/ProcessEngineWeb_STG/services/alight/PersonHMActivity</prprvl>
                </lcycl>
            </prpr>

            <prpr name = "IS_IVA_ENABLED" encryptionClass = "com.hewitt.cat.tba.properties.encrypter.NoOpPropertyEncrypter">
                <lcycl name="pu">
                        <prprvl bgdt="2000.01.01 00:00" endt="3000.01.01 00:00">FALSE</prprvl>
                </lcycl>
                <lcycl name="qc">
                        <prprvl bgdt="2000.01.01 00:00" endt="3000.01.01 00:00">FALSE</prprvl>
                </lcycl>
                <lcycl name="qa">
                        <prprvl bgdt="2000.01.01 00:00" endt="3000.01.01 00:00">FALSE</prprvl>
                </lcycl>
            </prpr>

            <prpr name = "IS_UDP_ENABLED_V2" encryptionClass = "com.hewitt.cat.tba.properties.encrypter.NoOpPropertyEncrypter">
                <lcycl name="pu">
                        <prprvl bgdt="2000.01.01 00:00" endt="3000.01.01 00:00">TRUE</prprvl>
                </lcycl>
                <lcycl name="qc">
                        <prprvl bgdt="2000.01.01 00:00" endt="3000.01.01 00:00">TRUE</prprvl>
                </lcycl>
            </prpr>

            <prpr name = "PORTAL_BLACKOUT" encryptionClass = "com.hewitt.cat.tba.properties.encrypter.NoOpPropertyEncrypter">
                <lcycl name="qc">
                        <prprvl bgdt="2000.01.01 00:00" endt="2018.10.31 11:30">FALSE</prprvl>
                        <prprvl bgdt="2018.10.31 11:30" endt="2018.10.31 12:30">TRUE</prprvl>
                        <prprvl bgdt="2018.10.31 12:30" endt="3000.01.01 00:00">FALSE</prprvl>
                </lcycl>
                <lcycl name="qa">
                        <prprvl bgdt="2000.01.01 00:00" endt="2018.11.01 03:45">FALSE</prprvl>
                        <prprvl bgdt="2018.11.01 03:45" endt="2018.11.01 05:45">TRUE</prprvl>
                        <prprvl bgdt="2018.11.01 05:45" endt="3000.01.01 00:00">FALSE</prprvl>
                </lcycl>
            </prpr>

            <prpr name = "PORTAL_BLACKOUT_TEXT" encryptionClass = "com.hewitt.cat.tba.properties.encrypter.NoOpPropertyEncrypter">
                <lcycl name="qc">
                        <prprvl bgdt="2000.01.01 00:00" endt="3000.01.01 00:00">Due to updates to the Savings and Investment Plan investment fund choices as was recently communicated, the site is not available at this time. If you would like to make your Annual Enrollment elections, you can access the site again after 6:00 a.m. Eastern Time on November 3rd.</prprvl>
                </lcycl>
                <lcycl name="qa">
                        <prprvl bgdt="2000.01.01 00:00" endt="3000.01.01 00:00">Due to updates to the Savings and Investment Plan investment fund choices as was recently communicated, the site is not available at this time. If you would like to make your Annual Enrollment elections, you can access the site again after 6:00 a.m. Eastern Time on November 3rd.</prprvl>
                </lcycl>
            </prpr>

            <prpr name = "UCE_SCHEMA_NAME" encryptionClass = "com.hewitt.cat.tba.properties.encrypter.NoOpPropertyEncrypter">
                <lcycl name="pu">
                        <prprvl bgdt="2000.01.01 00:00" endt="3000.01.01 00:00">ucceClient7155</prprvl>
                </lcycl>
                <lcycl name="qc">
                        <prprvl bgdt="2000.01.01 00:00" endt="3000.01.01 00:00">ucceClient7155</prprvl>
                </lcycl>
                <lcycl name="qa">
                        <prprvl bgdt="2000.01.01 00:00" endt="3000.01.01 00:00">ucceClient7155</prprvl>
                </lcycl>
            </prpr>

            <prpr name = "VANITY_URL" encryptionClass = "com.hewitt.cat.tba.properties.encrypter.NoOpPropertyEncrypter">
                <lcycl name="pu">
                        <prprvl bgdt="2000.01.01 00:00" endt="3000.01.01 00:00">http://resources.hewitt.com/colgate/</prprvl>
                </lcycl>
                <lcycl name="qc">
                        <prprvl bgdt="2000.01.01 00:00" endt="3000.01.01 00:00">http://resources1.hewitt.com/colgate/</prprvl>
                </lcycl>
                <lcycl name="qa">
                        <prprvl bgdt="2000.01.01 00:00" endt="3000.01.01 00:00">http://test.resources.hewitt.com/qa/colgate/</prprvl>
                </lcycl>
                <lcycl name="tu">
                        <prprvl bgdt="2000.01.01 00:00" endt="3000.01.01 00:00">http://test.resources.hewitt.com/qa/colgate/</prprvl>
                </lcycl>
                <lcycl name="dv">
                        <prprvl bgdt="2000.01.01 00:00" endt="3000.01.01 00:00">http://test.resources.hewitt.com/qa/colgate/</prprvl>
                </lcycl>
            </prpr>

            <prpr name = "WEB_ANALYTICS_UA_CLIENT_PROPERTY_ID" encryptionClass = "com.hewitt.cat.tba.properties.encrypter.NoOpPropertyEncrypter">
                <lcycl name="pu">
                        <prprvl bgdt="2000.01.01 00:00" endt="3000.01.01 00:00">UA-97707790-1</prprvl>
                </lcycl>
                <lcycl name="qc">
                        <prprvl bgdt="2000.01.01 00:00" endt="3000.01.01 00:00">UA-97707790-2</prprvl>
                </lcycl>
                <lcycl name="qa">
                        <prprvl bgdt="2000.01.01 00:00" endt="3000.01.01 00:00">UA-97707790-2</prprvl>
                </lcycl>
                <lcycl name="tu">
                        <prprvl bgdt="2000.01.01 00:00" endt="3000.01.01 00:00">UA-97707790-2</prprvl>
                </lcycl>
                <lcycl name="dv">
                        <prprvl bgdt="2000.01.01 00:00" endt="3000.01.01 00:00">UA-97707790-2</prprvl>
                </lcycl>
            </prpr>

            <prpr name = "YBR_CLIENT_PEDIGREE" encryptionClass = "com.hewitt.cat.tba.properties.encrypter.NoOpPropertyEncrypter">
                <lcycl name="pu">
                        <prprvl bgdt="2000.01.01 00:00" endt="3000.01.01 00:00">01211_16452_ybr_ybrfndt</prprvl>
                </lcycl>
                <lcycl name="qc">
                        <prprvl bgdt="2000.01.01 00:00" endt="3000.01.01 00:00">01211_16452_ybr_ybrfndt</prprvl>
                </lcycl>
                <lcycl name="qa">
                        <prprvl bgdt="2000.01.01 00:00" endt="3000.01.01 00:00">01211_16452_ybr_ybrfndt</prprvl>
                </lcycl>
                <lcycl name="tu">
                        <prprvl bgdt="2000.01.01 00:00" endt="3000.01.01 00:00">01211_16452_ybr_ybrfndt</prprvl>
                </lcycl>
                <lcycl name="dv">
                        <prprvl bgdt="2000.01.01 00:00" endt="3000.01.01 00:00">01211_16452_ybr_ybrfndt</prprvl>
                </lcycl>
            </prpr>

            <prpr name = "YBR_STATIC_FILE_SERVER" encryptionClass = "com.hewitt.cat.tba.properties.encrypter.NoOpPropertyEncrypter">
                <lcycl name="pu">
                        <prprvl bgdt="2000.01.01 00:00" endt="3000.01.01 00:00">cache.hacontent.com/ybr/R516</prprvl>
                </lcycl>
                <lcycl name="qc">
                        <prprvl bgdt="2000.01.01 00:00" endt="3000.01.01 00:00">cache.hacontent.com/qcybr/R516</prprvl>
                </lcycl>
                <lcycl name="qa">
                        <prprvl bgdt="2000.01.01 00:00" endt="3000.01.01 00:00">bitlb01.hewitt.com/ybr/R516</prprvl>
                </lcycl>
                <lcycl name="tu">
                        <prprvl bgdt="2000.01.01 00:00" endt="3000.01.01 00:00">bitlb01.hewitt.com/ybr/R516</prprvl>
                </lcycl>
                <lcycl name="dv">
                        <prprvl bgdt="2000.01.01 00:00" endt="3000.01.01 00:00">bitlb01.hewitt.com/ybr/R516</prprvl>
                </lcycl>
            </prpr>
    </prprRoot>
