<?xml version="1.0" encoding="UTF-8"?>
<!DOCTYPE hibernate-mapping PUBLIC
"-//Hibernate/Hibernate Mapping DTD 3.0//EN"
"http://hibernate.sourceforge.net/hibernate-mapping-3.0.dtd">

<hibernate-mapping package="com.aonhewitt.portal.configuration.modules.parameter.model">
    <class name="BaseParmConfig" table="BASE_PARM_AUDIT" lazy="false" mutable="true" entity-name="BaseParmConfigAudit" dynamic-insert="true"  polymorphism="explicit">
        <id name="auditNodeId" type="string">
			<column name="ADT_NODE_ID" length="40" />
			<generator class="assigned" />
		</id>
        <property name="nodeId" column="PARM_ID" type="java.lang.String" length="40"/>
        <property name="name" column="NAME" not-null="true"/>
	  	<property name="beginDate" column="BEGIN_DATE" type="date"/>
        <property name="endDate" type="date" column="END_DATE"/>
        <property name="version" column="VERSION"/>
        <property name="desc" column="DESCRIPTION"/>
	  	<property name="typeId" column="TYPE_ID" not-null="true"/>
	  	<property name="typeNm" column="TYPE_NM"/>
	  	<property name="methodId" column="METHOD_ID"/>	  	
	  	<property name="seqNo" column="PARM_SQ" generated="never" lazy="false"/>
	  	<property name="overrideable" column="IS_OVRD"/>
        <property name="needsMoreInfo" column="IS_NDS_MR_INFO"/>
	  					<!-- Audit -->
		<property column="CRT_DT" name="createdDate" />
		<property column="CRT_BY" name="createdBy" />
		<property column="LST_UPD_BY" name="updatedBy" />
		<property column="LST_UPD_DT" name="updatedDate" />

    </class>
</hibernate-mapping>
