<?xml version="1.0" encoding="UTF-8"?>
<!DOCTYPE hibernate-mapping PUBLIC
"-//Hibernate/Hibernate Mapping DTD 3.0//EN"
"http://hibernate.sourceforge.net/hibernate-mapping-3.0.dtd">

<hibernate-mapping package="com.aonhewitt.portal.configuration.modules.parameter.model">
    <class name="BaseParmPortalConfig" table="BASE_PARM_PRTL_AUDIT" lazy="false" mutable="true" entity-name="BaseParmPortalConfigAudit" dynamic-insert="true"  polymorphism="explicit">
        <id name="auditNodeId" type="string">
			<column name="ADT_NODE_ID" length="40" />
			<generator class="assigned" />
		</id>
        <property name="nodeId" column="PARM_PORTAL_ID" type="java.lang.String" length="40"/>
        <property name="overrideable" column="OVERRIDEABLE"/>
        <property name="needsMoreInfo" column="NEEDMOREINFO"/>
        <property name="required" column="REQUIRED"/>
        <property name="beginDate" column="BEGIN_DATE" type="date"/>
        <property name="endDate" column="END_DATE" type="date"/>
        <property name="version" column="VERSION"/>
        <property name="desc" column="DESCRIPTION"/>
	  	<property name="lastUpdated" column="LAST_UPDATED" type="timestamp"/>
        <property name="lastUpdatedBy" column="LAST_UPDATED_BY"/>
        <property name="value" column="PARM_VALUE" not-null="true"/>
        <property name="paramId" column="PARM_ID"/>
        <property name="parmNm" column="PARM_NM"/>
	  	<property name="seqNo" column="PARM_PRTL_SQ" generated="never" lazy="false" />
	  	
	  					<!-- Audit -->
		<property column="CRT_DT" name="createdDate" />
		<property column="CRT_BY" name="createdBy" />
		<property column="LST_UPD_BY" name="updatedBy" />
		<property column="LST_UPD_DT" name="updatedDate" />

    </class>
</hibernate-mapping>
