<?xml version="1.0" encoding="UTF-8"?>
<!DOCTYPE hibernate-mapping PUBLIC
"-//Hibernate/Hibernate Mapping DTD 3.0//EN"
"http://hibernate.sourceforge.net/hibernate-mapping-3.0.dtd">

<hibernate-mapping package="com.aonhewitt.portal.configuration.modules.parameter.model">
    <class name="BaseParmTypeConfig" table="BASE_PARM_TYP" lazy="false" mutable="true">
        <id name="nodeId" type="string" >
            <column name="TYPE_ID" sql-type="varchar(40)"/>
            <generator class="assigned"/>
        </id>
        <property name="name" column="NAME"/>
        <property name="typeClass" column="CLASS"/>
        <property name="desc" column="DESCRIPTION"/>
	  	<property name="beginDate" column="BEGIN_DATE" type="date"/>
        <property name="endDate" column="END_DATE" type="date"/>
        <property name="version" column="VERSION"/>
	  	<property name="systemId" column="SYSTEM_ID"/>
	  	<property name="systemNm" column="SYSTEM_NM"/>
        <property name="seqNo" column="PARM_TYPE_SQ" generated="never" lazy="false"/>	  
        
        				<!-- Audit -->
		<property column="CRT_DT" name="createdDate" />
		<property column="CRT_BY" name="createdBy" />
		<property column="LST_UPD_BY" name="updatedBy" />
		<property column="LST_UPD_DT" name="updatedDate" />

    </class>
</hibernate-mapping>
