<?xml version="1.0" encoding="UTF-8"?>
<!DOCTYPE hibernate-mapping PUBLIC
"-//Hibernate/Hibernate Mapping DTD 3.0//EN"
"http://hibernate.sourceforge.net/hibernate-mapping-3.0.dtd">

<hibernate-mapping package="com.aonhewitt.portal.configuration.modules.parameter.model">
    <class name="BaseParmMethodConfig" table="BASE_PARM_METHOD" lazy="false" mutable="true">
        <id name="nodeId" type="string" >
            <column name="METHOD_ID" sql-type="varchar(40)"/>
            <generator class="assigned"/>
        </id>
        <property name="name" column="NAME"/>        
        <property name="desc" column="DESCRIPTION"/>
	  	<property name="beginDate" column="BEGIN_DATE" type="date"/>
        <property name="endDate" column="END_DATE" type="date"/>
        <property name="version" column="VERSION"/>
	    <property name="serviceId" column="SERVICE_ID"/>
        <property name="seqNo" column="PARM_METHOD_SQ" generated="never" lazy="false" />	  
    </class>
</hibernate-mapping>