<?xml version="1.0" encoding="UTF-8"?>
<!DOCTYPE hibernate-mapping PUBLIC
"-//Hibernate/Hibernate Mapping DTD 3.0//EN"
"http://hibernate.sourceforge.net/hibernate-mapping-3.0.dtd">

<hibernate-mapping package="com.aonhewitt.portal.configuration.modules.parameter.model">
    <class name="ClientParmPortalConfig" table="PARM_PRTL" lazy="false" mutable="true">
		<composite-id mapped="false" unsaved-value="undefined">
		   <key-property name="nodeId" type="string" length="40">
	            <column name="PARM_PORTAL_ID" sql-type="varchar(40)"/>
		   </key-property>
		   <key-property column="LINEAGE" name="lineage" type="string"/>
		   
		</composite-id>
		<property column="BEGIN_DATE" name="beginDate" type="date"/>
        <property name="overrideable" column="OVERRIDEABLE"/>
        <property name="needsMoreInfo" column="NEEDMOREINFO"/>
        <property name="required" column="REQUIRED"/>
        <property name="value" column="PARM_VALUE" not-null="true"/>
        <property name="desc" column="DESCRIPTION"/>
        <property name="paramId" column="PARM_ID"/>
        <property name="parmNm" column="PARM_NM"/>
        <property name="refId" column="REFERENCE_ID" generated="never" lazy="false"/>
  	  	<property name="endDate" column="END_DATE" generated="never" lazy="false" type="date"/>
  	  	<property name="ovrdActnCd" column="OVRD_ACTN_CD" generated="never" lazy="false"/>
	  	<property name="lastUpdated" column="LAST_UPDATED" type="timestamp"/>
        <property name="lastUpdatedBy" column="LAST_UPDATED_BY"/>
	  <property name="seqNo" column="PARM_PRTL_SQ" generated="never" lazy="false"/>
	  
	  				<!-- Audit -->
		<property column="CRT_DT" name="createdDate" />
		<property column="CRT_BY" name="createdBy" />
		<property column="LST_UPD_BY" name="updatedBy" />
		<property column="LST_UPD_DT" name="updatedDate" />

    </class>
</hibernate-mapping>
