<?xml version="1.0" encoding="UTF-8"?>
<!DOCTYPE hibernate-mapping PUBLIC
"-//Hibernate/Hibernate Mapping DTD 3.0//EN"
"http://hibernate.sourceforge.net/hibernate-mapping-3.0.dtd">

<hibernate-mapping package="com.aonhewitt.portal.configuration.modules.parameter.model">
    <class name="ClientParmRequestConfig" table="PARM_RQST" lazy="false" mutable="true">
		<composite-id mapped="false" unsaved-value="undefined">
		   <key-property name="nodeId" type="string" length="40">
	            <column name="REQUEST_ID" sql-type="varchar(40)"/>
		   </key-property>
		   <key-property column="LINEAGE" name="lineage" type="string"/>
		   <key-property column="BEGIN_DATE" name="beginDate" type="date"/>
		</composite-id>
        <property name="name" column="NAME" not-null="true"/>
        <property name="desc" column="DESCRIPTION"/>
        <property name="refId" column="REFERENCE_ID" generated="never" lazy="false"/>
  	  	<property name="endDate" column="END_DATE" generated="never" lazy="false" type="date"/>
  	  	<property name="ovrdActnCd" column="OVRD_ACTN_CD" generated="never" lazy="false"/>
        <property name="systemId" column="SYSTEM_ID"/>
        <property name="systemNm" column="SYSTEM_NM"/>
	  	<property name="serviceId" column="SERVICE_ID"/>
	  	<property name="serviceNm" column="SERVICE_NM"/>
	  	<property name="lastUpdated" column="LAST_UPDATED" type="date"/>
        <property name="lastUpdatedBy" column="LAST_UPDATED_BY"/>
	  	<property name="seqNo" column="PARM_RQST_SQ" generated="never" lazy="false"/>
	  	
	  					<!-- Audit -->
		<property column="CRT_DT" name="createdDate" />
		<property column="CRT_BY" name="createdBy" />
		<property column="LST_UPD_BY" name="updatedBy" />
		<property column="LST_UPD_DT" name="updatedDate" />

    </class>
</hibernate-mapping>
