<?xml version="1.0" encoding="UTF-8"?>
<!DOCTYPE hibernate-mapping PUBLIC "-//Hibernate/Hibernate Mapping DTD 3.0//EN"
                                   "http://hibernate.sourceforge.net/hibernate-mapping-3.0.dtd">
<hibernate-mapping package="com.aonhewitt.portal.configuration.modules.parameter.model">
	<class lazy="false" mutable="false" name="ClientParmTypeParmConfig" table="PARM">
  		<composite-id mapped="false" unsaved-value="undefined">
		   <key-property column="PARM_ID" name="nodeId"/>
		   <key-property column="TYPE_ID" name="childId"/>
		   <key-property column="LINEAGE" name="lineage" type="string"/>
  		</composite-id>  
  		<property column="PARM_SQ" generated="never" lazy="false" name="seqNo"/>
 	</class>
</hibernate-mapping>