<?xml version="1.0" encoding="UTF-8"?>
<!DOCTYPE hibernate-mapping PUBLIC
"-//Hibernate/Hibernate Mapping DTD 3.0//EN"
"http://hibernate.sourceforge.net/hibernate-mapping-3.0.dtd">

<hibernate-mapping package="com.aonhewitt.portal.configuration.modules.parameter.model">
    <class name="ClientParmMethodConfig" table="PARM_METHOD" lazy="false" mutable="true">
        <composite-id mapped="false" unsaved-value="undefined">
		   <key-property name="nodeId" type="string" length="40">
	            <column name="METHOD_ID" sql-type="varchar(40)"/>
		   </key-property>
		   <key-property column="LINEAGE" name="lineage" type="string"/>
		   <key-property column="BEGIN_DATE" name="beginDate" type="date"/>
	    </composite-id>
        <property name="name" column="NAME"/>        
        <property name="desc" column="DESCRIPTION"/>
        <property name="refId" column="REFERENCE_ID" generated="never" lazy="false"/>
  	    <property name="endDate" column="END_DATE" generated="never" lazy="false" type="date"/>
  	    <property name="ovrdActnCd" column="OVRD_ACTN_CD" generated="never" lazy="false"/>
        <property name="serviceId" column="SERVICE_ID"/>
        <property name="seqNo" column="PARM_METHOD_SQ" generated="never" lazy="false" />
    </class>
</hibernate-mapping>