<?xml version="1.0" encoding="UTF-8"?>
<!DOCTYPE hibernate-mapping PUBLIC
"-//Hibernate/Hibernate Mapping DTD 3.0//EN"
"http://hibernate.sourceforge.net/hibernate-mapping-3.0.dtd">

<hibernate-mapping package="com.aonhewitt.portal.configuration.modules.parameter.model">
    <class name="ClientParmConfig" table="PARM" lazy="false" mutable="true">
        <composite-id mapped="false" unsaved-value="undefined">
		   <key-property name="nodeId" type="string" length="40">
	            <column name="PARM_ID" sql-type="varchar(40)"/>
		   </key-property>
		   <key-property column="LINEAGE" name="lineage" type="string"/>
		 
		</composite-id>
		  <property column="BEGIN_DATE" name="beginDate" type="date"/>
        <property name="name" column="NAME" not-null="true"/>
        <property name="endDate" column="END_DATE" type="date"/>
        <property name="desc" column="DESCRIPTION"/>
	  	<property name="typeId" column="TYPE_ID" not-null="true"/>
	  	<property name="typeNm" column="TYPE_NM"/>
	  	<property name="methodId" column="METHOD_ID"/>	  	
	  	<property name="seqNo" column="PARM_SQ" generated="never" lazy="false"/>
        <property name="refId" column="REFERENCE_ID" generated="never" lazy="false"/>
  	  	<property name="ovrdActnCd" column="OVRD_ACTN_CD" generated="never" lazy="false"/>
  	  	
  	  					<!-- Audit -->
		<property column="CRT_DT" name="createdDate" />
		<property column="CRT_BY" name="createdBy" />
		<property column="LST_UPD_BY" name="updatedBy" />
		<property column="LST_UPD_DT" name="updatedDate" />

    </class>
</hibernate-mapping>
