<?xml version="1.0" encoding="UTF-8"?>
<!DOCTYPE hibernate-mapping PUBLIC "-//Hibernate/Hibernate Mapping DTD 3.0//EN"
                                   "http://hibernate.sourceforge.net/hibernate-mapping-3.0.dtd">
<hibernate-mapping package="com.aonhewitt.portal.configuration.modules.parameter.model">
 <class lazy="false" mutable="true" name="ClientParmRequestParmConfig" table="PARM_RQST_PARM">
  <composite-id mapped="false" unsaved-value="undefined">
    <key-property name="childId" type="string" length="40">
          <column name="PARM_ID" sql-type="varchar(40)"/>
     </key-property>
     <key-property name="nodeId" type="string" length="40">
            <column name="REQUEST_ID" sql-type="varchar(40)"/>
      </key-property>              
   <key-property column="LINEAGE" name="lineage" type="string"/>
  </composite-id>  
  <property column="PARM_SQ" generated="never" lazy="false" name="seqNo"/>
  <property column="REQUEST_NM" generated="never" lazy="false" name="requestNm"/>
 </class>
</hibernate-mapping>
