<?xml version="1.0"?>
<!-- Entry for all modules go here -->
<modules>
	<!-- baseVirtualSubscribe="true"  -->
	<module id="CORE_PARAMETERS_PARM_PORTAL" desc="Parameter Parm Portal" baseAutoSubscribe="true">			
		<!-- Query Names for loading Base Provisions -->
		<loader type="BASE" name="baseLoader">
			<query id="PARMPORTAL">from BaseParmPortalConfig baseParm</query>	
		</loader>
		<loader type="CLIENT" name="clientLoader">
			<query id="PARMPORTAL">from ClientParmPortalConfig parm where parm.lineage=?</query>	
		</loader>
		<resolver type="BASE" name="baseResolver" />
		<resolver type="CLIENT" name="clientResolver" />
		<relation>
			<parent id="PARMPORTAL" targetLvl="true">																						
			</parent>				
		</relation>
	</module>
</modules>