<?xml version="1.0"?>
<!-- Entry for all modules go here -->
<modules>
	<!-- baseVirtualSubscribe="true"  -->
	<module id="CORE_PARAMETERS" desc="Parameter" baseAutoSubscribe="true">			
			<!-- Query Names for loading Base Provisions -->
			<loader type="BASE" name="baseLoader">
			    <query id="PARMREQUEST">from BaseParmRequestConfig</query>
				<query id="PARM">from BaseParmConfig baseParm</query>			
				<query id="PARMREQUESTPARMRELATION">from BaseParmRequestParmConfig baseParmRequest</query>	
				<query id="PARMTYPE">from BaseParmTypeConfig baseParmType</query>
				<query id="PARMPARMTYPERELATION">from BaseParmTypeParmConfig baseParmTypeParm</query>				
				<query id="PARMMETHOD">from BaseParmMethodConfig baseParmRequest</query>
				<query id="PARMPARMMETHODRELATION">from BaseParmMethodParmConfig baseParmMethodParm</query>				
				<query id="PARMPORTAL">from BaseParmPortalConfig baseParmPortal</query>
				<query id="PARMPARMPORTALRELATION">from BaseParmPortalParmConfig baseParmPortalParm</query>
			</loader>
			<loader type="CLIENT" name="clientLoader">
			    <query id="PARMREQUEST">from ClientParmRequestConfig cprc where cprc.lineage=? order by cprc.nodeId</query>		
				<query id="PARM">from ClientParmConfig parm where parm.lineage=?</query>	
				<query id="PARMREQUESTPARMRELATION">from ClientParmRequestParmConfig clientParmRequest where clientParmRequest.lineage=?</query>			
				<query id="PARMTYPE">from ClientParmTypeConfig clientParmType where clientParmType.lineage=?</query>				
				<query id="PARMPARMTYPERELATION">from ClientParmTypeParmConfig clientParmTypeParm where clientParmTypeParm.lineage=?</query>				
				<query id="PARMMETHOD">from ClientParmMethodConfig clientParmMethod where clientParmMethod.lineage=?</query>
				<query id="PARMPARMMETHODRELATION">from ClientParmMethodParmConfig clientParmMethodParm where clientParmMethodParm.lineage=?</query>
				<query id="PARMPORTAL">from ClientParmPortalConfig clientParmPortal where clientParmPortal.lineage=?</query>
				<query id="PARMPARMPORTALRELATION">from ClientParmPortalParmConfig clientParmPortalParm where clientParmPortalParm.lineage=?</query>	
			</loader>
			<resolver type="BASE" name="baseResolver" />
			<resolver type="CLIENT" name="clientResolver" />
			<relation>
			    <parent id="PARMREQUEST" targetLvl="true">				   
				   <child id="PARM" charId="PARMREQUESTPARMRELATION"/>				    
    		    </parent>							
    		    <parent id="PARMSERVICE"></parent>			
				<parent id="PARM">	
					<child id="PARMMETHOD" charId="PARMPARMMETHODRELATION"/>	
					<child id="PARMTYPE" charId="PARMPARMTYPERELATION"/>																		
					<child id="PARMPORTAL" charId="PARMPARMPORTALRELATION"/>					
				</parent>				
				<parent id="PARMTYPE"></parent>				
				<parent id="PARMPORTAL"></parent>	
				<parent id="PARMMETHOD"></parent>
			</relation>
	</module>

</modules>