<?xml version="1.0"?>
<!-- Entry for all modules go here -->
<modules>
	<!-- baseVirtualSubscribe="true"  -->
	<module id="CORE_PARAMETERS_SYSTEM_SERVICE" desc="Parameter System Service" baseAutoSubscribe="true">			
			<!-- Query Names for loading Base Provisions -->
			<loader type="BASE" name="baseLoader">
				<query id="PARMSYSTEM">from BaseParmSystemConfig</query>	
				<query id="PARMSERVICE">from BaseParmServiceConfig parmService</query>
				<query id="PARMSYSTEMPARMSERVICE">from BaseParmSystemServiceConfig baseParmSystemService order by baseParmSystemService.nodeId</query>					
				<query id="PARMMETHOD">from BaseParmMethodConfig parmMethod</query>
				<query id="PARMSERVICEPARMMETHOD">from BaseParmServiceMethodConfig baseParmServiceMethod order by baseParmServiceMethod.nodeId</query>		
			</loader>
			<loader type="CLIENT" name="clientLoader">
				<query id="PARMSYSTEM">from ClientParmSystemConfig clientParmSystem where clientParmSystem.lineage=?</query>	
				<query id="PARMSERVICE">from ClientParmServiceConfig clientParmService where clientParmService.lineage=?</query>
				<query id="PARMSYSTEMPARMSERVICE">from ClientParmSystemServiceConfig clientParmSystemService where clientParmSystemService.lineage=? order by clientParmSystemService.nodeId</query>					
				<query id="PARMMETHOD">from ClientParmMethodConfig clientParmMethod where clientParmMethod.lineage=? order by clientParmMethod.nodeId</query>
				<query id="PARMSERVICEPARMMETHOD">from ClientParmServiceMethodConfig clientParmServiceMethod where clientParmServiceMethod.lineage=? order by clientParmServiceMethod.nodeId</query>		
			</loader>

			<resolver type="BASE" name="baseResolver" />
			<resolver type="CLIENT" name="clientResolver" />
			<relation>
				<parent id="PARMSYSTEM" targetLvl="true">
					<child id="PARMSERVICE" charId="PARMSYSTEMPARMSERVICE"/>															
				</parent>
				<parent id="PARMSERVICE">
					<child id="PARMMETHOD" charId="PARMSERVICEPARMMETHOD"/>															
				</parent>
				<parent id="PARMMETHOD">	
				</parent>
			</relation>
	</module>
</modules>