<?xml version="1.0"?>
<!-- Entry for all modules go here -->
<modules>
	<!-- baseVirtualSubscribe="true"  -->
	<module id="CORE_PARAMETERS_TYPE" desc="Parameter Type" baseAutoSubscribe="true">			
		<!-- Query Names for loading Base Provisions -->
		<loader type="BASE" name="baseLoader">
			<query id="PARMTYPE">from BaseParmTypeConfig</query>				
		</loader>
		<loader type="CLIENT" name="clientLoader">
			<query id="PARMTYPE">from ClientParmTypeConfig cptc where cptc.lineage=? order by cptc.nodeId</query>				
		</loader>

		<resolver type="BASE" name="baseResolver" />
		<resolver type="CLIENT" name="clientResolver" />
		<relation>
			<parent id="PARMTYPE" targetLvl="true"/>
		</relation>
	</module>
</modules>