<?xml version="1.0"?>
<!-- Entry for all modules go here -->
<modules>
	<!-- baseVirtualSubscribe="true"  -->
	<module id="CORE_PARAMETERS_PARAM_TYPE_METHOD_PORTAL" desc="Parameter Param Type Method Portal" baseAutoSubscribe="true">			
			<!-- Query Names for loading Base Provisions -->
			<loader type="BASE" name="baseLoader">
				<query id="PARM">from BaseParmConfig baseParm</query>				
				<query id="PARMTYPE">from BaseParmTypeConfig baseParmType</query>
				<query id="PARMPARMTYPERELATION">from BaseParmTypeParmConfig baseParmTypeParm</query>				
				<query id="PARMMETHOD">from BaseParmMethodConfig baseParmRequest</query>
				<query id="PARMPARMMETHODRELATION">from BaseParmMethodParmConfig baseParmMethodParm</query>				
				<query id="PARMPORTAL">from BaseParmPortalConfig baseParmPortal</query>
				<query id="PARMPARMPORTALRELATION">from BaseParmPortalParmConfig baseParmPortalParm</query>
				<query id="PARMSERVICE">from BaseParmServiceConfig baseParmService</query>
				<query id="PARMMETHODSERVICERELATION">from BaseParmMethodServiceConfig baseParmMethodService</query> 
				<query id="PARMREQUEST">from BaseParmRequestConfig baseParmRequest</query>
				<query id="PARMREQUESTSERVICERELATION">from BaseParmMethodServiceRequestConfig baseParmServiceRequest</query>  
			</loader>
			<loader type="CLIENT" name="clientLoader">
				<query id="PARM">from ClientParmConfig parm where parm.lineage=?</query>				
				<query id="PARMTYPE">from ClientParmTypeConfig clientParmType where clientParmType.lineage=?</query>				
				<query id="PARMPARMTYPERELATION">from ClientParmTypeParmConfig clientParmTypeParm where clientParmTypeParm.lineage=?</query>				
				<query id="PARMMETHOD">from ClientParmMethodConfig clientParmMethod where clientParmMethod.lineage=?</query>
				<query id="PARMPARMMETHODRELATION">from ClientParmMethodParmConfig clientParmMethodParm where clientParmMethodParm.lineage=?</query>
				<query id="PARMPORTAL">from ClientParmPortalConfig clientParmPortal where clientParmPortal.lineage=?</query>
				<query id="PARMPARMPORTALRELATION">from ClientParmPortalParmConfig clientParmPortalParm where clientParmPortalParm.lineage=?</query>	
			    <query id="PARMSERVICE">from ClientParmServiceConfig clientParmService where clientParmService.lineage=?</query>
				<query id="PARMMETHODSERVICERELATION">from ClientParmMethodServiceConfig clientParmMethodService where clientParmMethodService.lineage=?</query>  	
				<query id="PARMREQUEST">from ClientParmRequestConfig clientParmRequest where clientParmRequest.lineage=?</query>
				<query id="PARMREQUESTSERVICERELATION">from ClientParmMethodServiceRequestConfig clientParmServiceRequest where clientParmServiceRequest.lineage=?</query>  					
			</loader>
			<resolver type="BASE" name="baseResolver" />
			<resolver type="CLIENT" name="clientResolver" />
			<relation>
				<parent id="PARM" targetLvl="true">	
					<child id="PARMMETHOD" charId="PARMPARMMETHODRELATION"/>	
					<child id="PARMTYPE" charId="PARMPARMTYPERELATION"/>																		
					<child id="PARMPORTAL" charId="PARMPARMPORTALRELATION"/>					
				</parent>				
				<parent id="PARMMETHOD">
				    <child id="PARMSERVICE" charId="PARMMETHODSERVICERELATION"/>
				</parent>
				<parent id="PARMTYPE"></parent>				
				<parent id="PARMPORTAL"></parent>				
				<parent id="PARMSERVICE">
				    <child id="PARMREQUEST" charId="PARMREQUESTSERVICERELATION"/>
				</parent>
				<parent id="PARMREQUEST"></parent>
			</relation>
	</module>

</modules>