<?xml version="1.0"?>
<!-- Entry for all modules go here -->
<modules>
	<!-- baseVirtualSubscribe="true"  -->
	<module id="CORE_PARAMETERS_SERVICE" desc="Parameter Service" baseAutoSubscribe="true">			
		<!-- Query Names for loading Base Provisions -->
		<loader type="BASE" name="baseLoader">
			<query id="PARMSERVICE">from BaseParmServiceConfig</query>				
		</loader>
		<loader type="CLIENT" name="clientLoader">
			<query id="PARMSERVICE">from ClientParmServiceConfig cpsc where cpsc.lineage=? order by cpsc.nodeId</query>				
		</loader>

		<resolver type="BASE" name="baseResolver" />
		<resolver type="CLIENT" name="clientResolver" />
		<relation>
			<parent id="PARMSERVICE" targetLvl="true"/>
		</relation>
	</module>
</modules>