<?xml version="1.0"?>
<!-- Entry for all modules go here -->
<modules>
	<!-- baseVirtualSubscribe="true"  -->
	<module id="CORE_PARAMETERS_SYSTEM" desc="Parameter System" baseAutoSubscribe="true">			
		<!-- Query Names for loading Base Provisions -->
		<loader type="BASE" name="baseLoader">
			<query id="PARMSYSTEM">from BaseParmSystemConfig</query>				
		</loader>
		<loader type="CLIENT" name="clientLoader">
			<query id="PARMSYSTEM">from ClientParmSystemConfig cpsc where cpsc.lineage=? order by cpsc.nodeId</query>				
		</loader>

		<resolver type="BASE" name="baseResolver" />	
		<resolver type="CLIENT" name="clientResolver" />					
		
		<relation>
			<parent id="PARMSYSTEM" targetLvl="true"/>
		</relation>
	</module>
</modules>