<?xml version="1.0"?>
<!-- Entry for all modules go here -->
<modules>
	<!-- baseVirtualSubscribe="true"  -->
	<module id="CORE_PARAMETERS_PORTAL_PARM" desc="Parameter Portal Parm" baseAutoSubscribe="true">			
		<!-- Query Names for loading Base Provisions -->
		<loader type="BASE" name="baseLoader">
			<query id="PARM">from BaseParmConfig baseparmconfig</query>		
			<query id="PARMREQUEST">from BaseParmRequestConfig baseParmRequest</query>
			<query id="PARMREQUESTRELATION">from BaseParmSystemParmServiceParmRequestParmConfig baseParmRequestParm</query>				
		</loader>
		<loader type="CLIENT" name="clientLoader">
			<query id="PARM">from ClientParmConfig cprc where cprc.lineage=? order by cprc.nodeId</query>
			<query id="PARMREQUEST">from ClientParmRequestConfig clientParmRequest where clientParmRequest.lineage=?</query>
			<query id="PARMREQUESTRELATION">from ClientParmSystemParmServiceParmRequestParmConfig clientParmRequestParm where clientParmRequestParm.lineage=?</query>				
		</loader>

		<resolver type="BASE" name="baseResolver" />	
		<resolver type="CLIENT" name="clientResolver" />					
		
		<relation>
			<parent id="PARM" targetLvl="true">
			    <child id="PARMREQUEST" charId="PARMREQUESTRELATION"/>	
			</parent>
			<parent id="PARMREQUEST"/>
		</relation>
	</module>
</modules>