<?xml version="1.0"?>
<!-- Entry for all modules go here -->
<modules>
	<!-- baseVirtualSubscribe="true"  -->
	<module id="CORE_PARAMETERS_REQUEST_PARAMETER" desc="Parameter Request Parameter" baseAutoSubscribe="true">			
		<!-- Query Names for loading Base Provisions -->
		<loader type="BASE" name="baseLoader">
			<query id="PARMREQUEST">from BaseParmRequestConfig</query>	
			<query id="PARM">from BaseParmConfig baseParm</query>	
			<query id="PARMREQUESTPARMRELATION">from BaseParmRequestParmConfig baseParmRequest</query>
			<query id="PARMPORTAL">from BaseParmPortalConfig baseParmPortal</query>
			<query id="PARMPARMPORTALRELATION">from BaseParmPortalParmConfig baseParmPortalParm</query>
		</loader>
		<loader type="CLIENT" name="clientLoader">
			<query id="PARMREQUEST">from ClientParmRequestConfig cprc where cprc.lineage=? order by cprc.nodeId</query>				
			<query id="PARM">from ClientParmConfig clientParm where clientParm.lineage=?</query>	
			<query id="PARMREQUESTPARMRELATION">from ClientParmRequestParmConfig clientParmRequest where clientParmRequest.lineage=?</query>
			<query id="PARMPORTAL">from ClientParmPortalConfig clientParmPortal where clientParmPortal.lineage=?</query>
			<query id="PARMPARMPORTALRELATION">from ClientParmPortalParmConfig clientParmPortalParm where clientParmPortalParm.lineage=?</query>							
		</loader>

		<resolver type="BASE" name="baseResolver" />	
		<resolver type="CLIENT" name="clientResolver" />					
		
		<relation>
			<parent id="PARMREQUEST" targetLvl="true">
				<child id="PARM" charId="PARMREQUESTPARMRELATION"/>															
			</parent>
			<parent id="PARM">	
				<child id="PARMPORTAL" charId="PARMREQUESTPARMRELATION"/>															
			</parent>
			<parent id="PARMPORTAL">	
			</parent>
		</relation>
	</module>
</modules>