<?xml version="1.0"?>
<!-- Entry for all modules go here -->
<modules>
	<!-- baseVirtualSubscribe="true"  -->
	<module id="CORE_PARAMETERS_REQUEST" desc="Parameter Request" baseAutoSubscribe="true">			
		<!-- Query Names for loading Base Provisions -->
		<loader type="BASE" name="baseLoader">
			<query id="PARMREQUEST">from BaseParmRequestConfig</query>		
			<query id="PARM">from BaseParmConfig baseParm</query>	
			<query id="PARMREQUESTPARMRELATION">from BaseParmRequestParmConfig baseParmRequest</query>
				
		</loader>
		<loader type="CLIENT" name="clientLoader">
			<query id="PARMREQUEST">from ClientParmRequestConfig cprc where cprc.lineage=? order by cprc.nodeId</query>	
			<query id="PARM">from ClientParmConfig clientParm where clientParm.lineage=?</query>	
			<query id="PARMREQUESTPARMRELATION">from ClientParmRequestParmConfig clientParmRequest where clientParmRequest.lineage=?</query>
							
		</loader>

		<resolver type="BASE" name="baseResolver" />	
		<resolver type="CLIENT" name="clientResolver" />					
		
		<relation>
			<parent id="PARMREQUEST" targetLvl="true">
				<child id="PARM" charId="PARMREQUESTPARMRELATION"/>															
			</parent>
			<parent id="PARM"/>	
				
		</relation>
	</module>
</modules>