<?xml version="1.0"?>
<!-- Entry for all modules go here -->
<modules>
	<!-- baseVirtualSubscribe="true"  -->
	<module id="CORE_PARAMETERS_METHOD" desc="Parameter Method" baseAutoSubscribe="true">			
		<!-- Query Names for loading Base Provisions -->
		<loader type="BASE" name="baseLoader">
			<query id="PARMMETHOD">from BaseParmMethodConfig</query>				
		</loader>		
		<loader type="CLIENT" name="clientLoader">
			<query id="PARMMETHOD">from ClientParmMethodConfig cpmc where cpmc.lineage=? order by cpmc.nodeId</query>				
		</loader>
		<resolver type="BASE" name="baseResolver" />
		<resolver type="CLIENT" name="clientResolver" />		
		<relation>
			<parent id="PARMMETHOD" targetLvl="true"/>
		</relation>
	</module>
</modules>