<?xml version="1.0" encoding="UTF-8"?>
<!DOCTYPE hibernate-mapping PUBLIC "-//Hibernate/Hibernate Mapping DTD 3.0//EN"
                                   "http://hibernate.sourceforge.net/hibernate-mapping-3.0.dtd">
<hibernate-mapping package="com.aonhewitt.portal.configuration.modules.ucerntmzap">
 <class lazy="false" mutable="true" name="UCERntmZapConfig" table="UCCE_RNTM_ZAP">
  <composite-id mapped="false" unsaved-value="undefined">
   <key-property column="LINEAGE" name="lineage" type="string"/>
   <key-property column="MDL_ID" name="moduleId" type="string"/>
   <key-property column="USER_ID" name="userId" type="string"/>
  </composite-id>
  <property column="ENVT_NM" generated="never" lazy="false" name="envtNm"/>
  <property column="LAST_ZAP_TS" generated="never" lazy="false" name="lastZapTs" type="timestamp"/>
  </class>
</hibernate-mapping>
