<?xml version="1.0"?>
<!DOCTYPE hibernate-mapping PUBLIC "-//Hibernate/Hibernate Mapping DTD 3.0//EN"
"http://hibernate.sourceforge.net/hibernate-mapping-3.0.dtd">
<!-- Generated May 28, 2013 11:08:24 AM by Hibernate Tools 3.4.0.CR1 -->
<hibernate-mapping package="com.aonhewitt.portal.feature.tile.model">
    <class name="BaseTileDataHandlerConfig" table="base_tile_data_hndlr">
        <id name="nodeId" type="string">
            <column name="id" length="40" />
            <generator class="assigned" />
        </id>
        <property name="desc" type="string">
            <column name="DESC_TX" length="300" />
        </property>
        <property name="dataHndlrNm" type="string">
            <column name="DATA_HNDLR_NM" length="300" />
        </property>
        <property name="beginDate" type="date" column="BEG_DT" />		
		<property name="endDate" type="date" generated="never" lazy="false" column="END_DT" />
			<property name="version" column="VRSN_NR" />
    </class>
</hibernate-mapping>
