<?xml version="1.0"?>
<!DOCTYPE hibernate-mapping PUBLIC "-//Hibernate/Hibernate Mapping DTD 3.0//EN"
"http://hibernate.sourceforge.net/hibernate-mapping-3.0.dtd">
<!-- Generated May 28, 2013 11:08:24 AM by Hibernate Tools 3.4.0.CR1 -->
<hibernate-mapping package="com.aonhewitt.portal.feature.tile.model">
	<class name="BaseTilesGroupConfig"
		table="base_tiles_grp"  optimistic-lock="version" >
		<id name="nodeId" type="string">
			<column name="id" length="40" />
			<generator class="assigned" />
		</id>
		<version name="versionNo" type="long"  insert="true"  >
		<column name="GRP_VRSN_NR"></column>
		</version>
		
		
		<property name="groupNm" type="string">
			<column name="GRP_NM" length="300" not-null="true" />
		</property>
		<property name="desc" column="DESC_TX" type="string" length="300" />
		<property name="constraint">
    		<column name="GRP_CONSTRAINT" sql-type="char(1)" />
		</property>
		<property name="groupTitleTx" column="TITLE" type="string" />
		<property name="numVisRows" column="NM_VIS_ROWS" type="java.lang.Integer" />
		<property name="numCols" column="NM_COLS" type="java.lang.Integer" />
		<property name="linkGrpName" column="LINK"
			type="string" length="255" />
		<property name="allwHideData" column="ALLW_HIDE_DATA" type="java.lang.Integer" />
			<property name="version" column="VRSN_NR" />
		<property name="updatedBy" column="LST_UPDT_USR" type="string" />
		<property name="updatedDate" column="LST_UPDT_DT" />
     	<property column="BEG_DT" name="beginDate" type="date" />
     	<property column="END_DT" name="endDate" type="date" />
     	<property column="PAGE_NM" name="pageName" type="string" />
     	<property column="PORTLET_NM" name="portletName" type="string" />
		<property column="SCRN_NM" name="screenName" type="string" />
		
		<!-- PFO-5219 - Additional Columns For CFT Start-->
		<property name="feedName" column="CFT_FEED_NAME"  type="string" />
		<property name="portletType" column="PORTLET_TYPE"  type="string" />
		<property name="capacity" column="PORTLET_CAPACITY"  type="string" />
		<property name="position" column="CFT_TILE_POSITION"  type="java.lang.Integer" />
		<!-- PFO-5219 - Additional Columns For CFT End-->	
		
		<!--PFO-7704-->
		<property column="UPOINT_UCE_SWITCH" name="upointUceSwitch" type="string" />
		<!--PFO-7704-->
		
		<list name="tileGrpTileCnfgs" table="tiles_grp_tiles" inverse="true" lazy="false" fetch="subselect" cascade="all">
			<key>
				<column name="TILES_GRP_ID" length="40" not-null="true" />
			</key>
			<list-index column="TILE_SQ"/>
			<one-to-many
				class="GroupTilesConfig" />
		</list>
	</class>
	<class
		name="GroupTilesConfig"		table="base_grp_tiles">
		<id name="nodeId" type="string">
			<column name="id" length="40" />
			<generator class="assigned" />
		</id>
		<property name="tileSq" type="int">
				<column name="TILE_SQ" />
		</property>
		<many-to-one name="tilesGroupConfig" class="BaseTilesGroupConfig" fetch="select">
			<column name="TILES_GRP_ID" length="40" not-null="true" />
		</many-to-one>
		<property name="tileNm" type="string">
			<column name="TILE_NM" length="300" />
		</property>
	</class>
</hibernate-mapping>
