<?xml version="1.0"?>
<!DOCTYPE hibernate-mapping PUBLIC "-//Hibernate/Hibernate Mapping DTD 3.0//EN"
"http://hibernate.sourceforge.net/hibernate-mapping-3.0.dtd">
<!-- Generated May 28, 2013 11:08:24 AM by Hibernate Tools 3.4.0.CR1 -->
<hibernate-mapping package="com.aonhewitt.portal.feature.tile.model">
    <class name="TileTemplateConfig" table="tile_tmplt" lazy="false">
        <id name="nodeId" type="string">
            <column name="id" length="40" />
            <generator class="assigned" />
        </id>
        <property name="templateNm" type="string">
            <column name="TMPLT_NM" not-null="true" />
        </property>
        <property name="displayNm" type="string">
            <column name="DSPLY_NM" not-null="true" />
        </property>

        <property name="desc" type="string">
            <column name="DESC_TX" length="300"/>
        </property>
        <property name="lineage" type="string">
            <column name="LINEAGE" length="10" />
        </property>
        <property name="tileSize" type="string">
            <column name="TILE_SZ" length="1" />
        </property>
       
        <property name="tileType" column="TILE_TYP">            
            <type name="org.hibernate.type.EnumType">
				<param name="enumClass"> com.aonhewitt.portal.feature.tile.model.TileType  </param>
				<param name="type">12</param>
			</type>
        </property>
        <property column="BEG_DT" name="beginDate" type="date" />
     	<property column="END_DT" name="endDate" type="date" />
        <property name="refId" type="string">
            <column name="REF_ID" length="40" />
        </property>
        <property name="ovrdActnCd" type="string">
            <column name="OVRD_ACTN_CD" length="10" />
        </property>
        <list name="tileTmplElmnCnfg" table="tile_tmplt_elmnt" inverse="true" lazy="false" fetch="subselect" cascade="all">
            <key>
                <column name="TILE_TMPLT_ID" length="40" not-null="true" />
            </key>
            <list-index column="ELMNT_SQ"/>
            <one-to-many class="TileTemplateElmntConfig" />
        </list>


   
    </class>    
     <class name="TileTemplateElmntConfig" table="tile_tmplt_elmnt" lazy="false">
            <id name="nodeId" type="string">
            <column name="id" length="40" />
            <generator class="assigned" />
        </id>
        <property name="elementDesc" type="string">
            <column name="ELMNT_DESC" />
        </property>
 		<property name="elementNm" type="string">
                <column name="ELMNT_NM" />
            </property>
         <property name="elementSq" type="java.lang.Integer"> 
             <column name="ELMNT_SQ" /> 
         </property> 
          <property name="lineage" type="string" column="LINEAGE" length="20" />
          <many-to-one name="tileTmplConfig" class="TileTemplateConfig" fetch="select">
			<column name="TILE_TMPLT_ID" length="40" not-null="true" />
		</many-to-one>
    </class>
</hibernate-mapping>
