<?xml version="1.0"?>
<!-- Entry for all modules go here -->
<modules>


	<module id="TILE_TEMPLATE" desc="Tile Template"
		baseAutoSubscribe="true" isUCCE="true" isUPoint="true">
		<!-- Query Names for loading Base Configuration -->
		<loader type="BASE" name="baseLoader">
			<query id="TileTemplateConfig">from BaseTileTemplateConfig </query>
		</loader>
		<!-- Query Names for loading Client Configuration -->
		<loader type="CLIENT" name="clientLoader">
			<query id="TileTemplateConfig">from TileTemplateConfig e where e.lineage=?	</query>
		</loader>
		<resolver type="BASE" name="baseResolver" />
		<resolver type="CLIENT" name="clientResolver" />
		<relation>
			<parent id="TileTemplateConfig" targetLvl="true" />
		</relation>
	</module>
</modules>