<?xml version="1.0"?>
<!-- Entry for all modules go here -->
<modules>


	<module id="TILE_CONFIG" desc="Tile" baseAutoSubscribe="true" isUCCE="true" isUPoint="true">
		<!-- Query Names for loading Base Configuration -->
		<loader type="BASE" name="baseLoader">
			<query id="TileConfig">from BaseTileConfig </query>
		</loader>
		<!-- Query Names for loading Client Configuration -->
		<loader type="CLIENT" name="clientLoader">
			<query id="TileConfig">from TileConfig e where e.lineage=?	</query>
		</loader>
		<resolver type="BASE" name="baseResolver" />
		<resolver type="CLIENT" name="clientResolver" />
		<relation>
			<parent id="TileConfig" targetLvl="true" />
		</relation>
	</module>
</modules>