<?xml version="1.0"?>
<!-- Entry for all modules go here -->
<modules>
	<module id="TILE_DATA_HANDLER" desc="Tile Data Handler"
		baseAutoSubscribe="true" isUCCE="true" isUPoint="true">
		<!-- Query Names for loading Base Configuration -->
		<loader type="BASE" name="baseLoader">
			<query id="DataHandlerConfig">from BaseTileDataHandlerConfig </query>
		</loader>
		<!-- Query Names for loading Client Configuration -->
		<loader type="CLIENT" name="clientLoader">
			<query id="DataHandlerConfig">from TileDataHandlerConfig e where e.lineage=?</query>
		</loader>
		<resolver type="BASE" name="baseResolver" />
		<resolver type="CLIENT" name="clientResolver" />
		<relation>
			<parent id="DataHandlerConfig" targetLvl="true" />
		</relation>
	</module>
</modules>