<?xml version="1.0"?>
<!-- Entry for all modules go here -->
<modules>
	<module id="TILE_GROUP" desc="Tile Group"
		baseAutoSubscribe="true" isUCCE="true" isUPoint="true">
		<!-- Query Names for loading Base Configuration -->
		<loader type="BASE" name="baseLoader">
			<query id="TilesGroupConfig">from BaseTilesGroupConfig </query>
		</loader>
		<!-- Query Names for loading Client Configuration -->
		<loader type="CLIENT" name="clientLoader">
			<query id="TilesGroupConfig">from TilesGroupConfig e where e.lineage=?	</query>
		</loader>
		<resolver type="BASE" name="baseResolver" />
		<resolver type="CLIENT" name="clientResolver" />
		<relation>
			<parent id="TilesGroupConfig" targetLvl="true" />
		</relation>
	</module>
</modules>