<?xml version="1.0"?>
<!DOCTYPE hibernate-mapping PUBLIC "-//Hibernate/Hibernate Mapping DTD 3.0//EN"
"http://hibernate.sourceforge.net/hibernate-mapping-3.0.dtd">
<!-- Generated May 28, 2013 11:08:24 AM by Hibernate Tools 3.4.0.CR1 -->
<hibernate-mapping package="com.aonhewitt.portal.feature.tile.model">
	<class name="TileConfig" table="tile_cnfg_audit" entity-name="TileConfigAudit"
		dynamic-insert="true" polymorphism="explicit">
		<id name="auditNodeId" type="string">
			<column name="ADT_NODE_ID" length="40" />
			<generator class="assigned" />
		</id>
		<property name="nodeId" type="string">
			<column name="ID" length="40" />
		</property>
		<property name="tileNm" type="string">
			<column name="TILE_NM" />
		</property>
		<property name="desc" type="string">
			<column name="DESC_TX" length="300" />
		</property>

		<property name="tileStyleClass" column="TILE_STYL_CLSS" type="string"
			length="60" />
		<property name="tileType" column="TILE_TYP" type="string"
			length="25" />
		<property name="exprName" column="EXPR_NM" type="string"
			length="100" />
		<!-- <PT-1843> <property name="isAuthRequired" column="AUTH_FLG"> <type 
			name="org.hibernate.type.EnumType"> <param name="enumClass"> com.aonhewitt.portal.feature.AuthType 
			</param> <param name="type">12</param> </type> </property> </PT-1843> -->
		<property name="templateName" column="TMPLT_NM" type="string"
			length="100" />
		<property name="titleTxName" column="TITLE" type="string"
			length="100" />
		<property name="imageId" column="IMG_ID" type="string"
			length="255" />
		<property name="imagePath" column="IMG_PATH" type="string"
			length="255" />
		<property name="assetLinkGrpName" column="LINK" type="string"
			length="255" />
		<property name="updatedBy" column="LST_UPDT_USR" type="string"
			length="100" />
		<property name="updatedDate" column="LST_UPD_DT" />
		<property name="lineage" type="string" column="LINEAGE"
			length="10" />
		<property name="beginDate" type="date" column="BEG_DT" />
		<property name="endDate" type="date" generated="never" lazy="false"
			column="END_DT" />
		<property column="REF_ID" generated="never" lazy="false"
			name="refId" length="40" />
		<property name="ovrdActnCd" generated="never" lazy="false"
			column="OVRD_ACTN_CD" length="10" />
		<property column="IS_NDS_MR_INFO" name="needsMoreInfo" />
		<property column="DOMAIN" name="domain" type="string" length="100" />
	</class>
	<class name="TileElementConfig" table="tile_elmnt_cnfg_audit"
		entity-name="TileElementConfigAudit" dynamic-insert="true"
		polymorphism="explicit">
		<id name="auditNodeId" type="string">
			<column name="ADT_NODE_ID" length="40" />
			<generator class="assigned" />
		</id>
		<property name="nodeId" type="string">
			<column name="ID" length="40" />
		</property>
		<property name="elementNm" type="string">
			<column name="ELMNT_NM" />
		</property>
		<property name="elementType" type="string">
			<column name="ELMNT_TYP" length="45" />
		</property>
		<property name="dataHandlerId" type="string">
			<column name="DATA_HNDLR_ID" length="300" />
		</property>
		<property name="isMaskable" type="java.lang.Integer">
			<column name="IS_MASKBL" />
		</property>
		<property name="allowEcsView" type="java.lang.Integer">
			<column name="ALLW_ECS_VW" />
		</property>
		<property name="assetTxtGrpNm" type="string">
			<column name="TEXT" />
		</property>
		<property name="lineage" type="string">
			<column name="LINEAGE" />
		</property>
	</class>
	<class name="TileCarouselConfig" table="tile_crsl_cnfg_audit"
		entity-name="TileCarouselConfigAudit" dynamic-insert="true"
		polymorphism="explicit">
		<id name="auditNodeId" type="string">
			<column name="ADT_NODE_ID" length="40" />
			<generator class="assigned" />
		</id>
		<property name="nodeId" type="string">
			<column name="ID" length="40" />
		</property>
		<property name="tileSq" type="int">
			<column name="TILE_SQ" />
		</property>
		<property name="childTileNm" type="string">
			<column name="childTileNm" length="255" />
		</property>
		<property name="lineage" type="string" column="LINEAGE"
			length="20" />
	</class>
</hibernate-mapping>
