<?xml version="1.0"?>
<!-- Entry for all modules go here -->
<modules>
	<module id="UCE_TILE_ACTIVITY" desc="UceTileActivity" baseAutoSubscribe="true" isUCCE="true" isUPoint="true">
		<!-- Query Names for loading Base Configuration -->
		<loader type="BASE" name="baseLoader">
			<query id="UCETileActivity">from com.aonhewitt.portal.feature.tile.model.BaseUCETileActivity</query>
		</loader>
		<!-- Query Names for loading Client Configuration -->
		<loader type="CLIENT" name="clientLoader">
			<query id="UCETileActivity">from com.aonhewitt.portal.feature.tile.model.UCETileActivity e where e.tileActivityId.lineage=?</query>
		</loader>
		<resolver type="BASE" name="baseResolver" />
		<resolver type="CLIENT" name="clientResolver" />
		<relation>
			<parent id="UCETileActivity" targetLvl="true" />
		</relation>
	</module>
</modules>