<?xml version="1.0"?>
<!DOCTYPE hibernate-mapping PUBLIC "-//Hibernate/Hibernate Mapping DTD 3.0//EN"
"http://hibernate.sourceforge.net/hibernate-mapping-3.0.dtd">
<!-- Generated May 28, 2013 11:08:24 AM by Hibernate Tools 3.4.0.CR1 -->
<hibernate-mapping package="com.aonhewitt.portal.feature.tile.model">
	<class name="UCETileActivity" table="UCCE_TILE_ACVT">
		<composite-id mapped="false" name="tileActivityId" class="UCETileActivityId">
             <key-property name="tileNm" column="TILE_NM"/>
             <key-property name="lineage" column="LINEAGE"/>
        </composite-id>
		<!--<id name="tileNm" type="string">
			<column name="TILE_NM" length="255" />
			<generator class="assigned" />
		</id> -->
		<!-- <property name="tileNm" column="TILE_NM" type="string" />
		<property name="lineage" column="LINEAGE" type="date" />-->
		<property name="startDate" column="BEG_DT" type="date" />
		<property name="endDate" column="END_DT" type="date" />	
		<property name="status" column="STATUS" type="java.lang.Integer" />
	</class>
</hibernate-mapping>