<?xml version="1.0" encoding="UTF-8"?>

<!DOCTYPE prprRoot SYSTEM "../../Hewitt/frameworks/properties/property.dtd">

    <prprRoot vrsn_ct="1" name="01955_portal" extends="runtime/portal/property.portal.r7.04.xml">

            <prpr name = "BLACKOUT_TEXT_FROM_PROPS" encryptionClass = "com.hewitt.cat.tba.properties.encrypter.NoOpPropertyEncrypter">
                <lcycl name="pu">
                        <prprvl bgdt="2000.01.01 00:00" endt="3000.01.01 00:00">FALSE</prprvl>
                </lcycl>
                <lcycl name="qc">
                        <prprvl bgdt="2000.01.01 00:00" endt="3000.01.01 00:00">TRUE</prprvl>
                </lcycl>
            </prpr>

            <prpr name = "CONTENT_DELETION_ENABLED" encryptionClass = "com.hewitt.cat.tba.properties.encrypter.NoOpPropertyEncrypter">
                <lcycl name="qa">
                        <prprvl bgdt="2000.01.01 00:00" endt="3000.01.01 00:00">TRUE</prprvl>
                </lcycl>
            </prpr>

            <prpr name = "IS_UDP_ENABLED" encryptionClass = "com.hewitt.cat.tba.properties.encrypter.NoOpPropertyEncrypter">
                <lcycl name="tu">
                        <prprvl bgdt="2000.01.01 00:00" endt="3000.01.01 00:00">false</prprvl>
                </lcycl>
            </prpr>

            <prpr name = "IS_UDP_ENABLED_V2" encryptionClass = "com.hewitt.cat.tba.properties.encrypter.NoOpPropertyEncrypter">
                <lcycl name="pu">
                        <prprvl bgdt="2000.01.01 00:00" endt="3000.01.01 00:00">TRUE</prprvl>
                </lcycl>
                <lcycl name="qc">
                        <prprvl bgdt="2000.01.01 00:00" endt="3000.01.01 00:00">TRUE</prprvl>
                </lcycl>
                <lcycl name="tu">
                        <prprvl bgdt="2000.01.01 00:00" endt="3000.01.01 00:00">true</prprvl>
                </lcycl>
            </prpr>

            <prpr name = "IS_UDP_YSA_ENABLED" encryptionClass = "com.hewitt.cat.tba.properties.encrypter.NoOpPropertyEncrypter">
                <lcycl name="pu">
                        <prprvl bgdt="2000.01.01 00:00" endt="3000.01.01 00:00">TRUE</prprvl>
                </lcycl>
                <lcycl name="qc">
                        <prprvl bgdt="2000.01.01 00:00" endt="3000.01.01 00:00">TRUE</prprvl>
                </lcycl>
                <lcycl name="qa">
                        <prprvl bgdt="2000.01.01 00:00" endt="3000.01.01 00:00">TRUE</prprvl>
                </lcycl>
            </prpr>

            <prpr name = "MAS_ASYNC_CALLS" encryptionClass = "com.hewitt.cat.tba.properties.encrypter.NoOpPropertyEncrypter">
                <lcycl name="pu">
                        <prprvl bgdt="2000.01.01 00:00" endt="3000.01.01 00:00"></prprvl>
                </lcycl>
                <lcycl name="qa">
                        <prprvl bgdt="2000.01.01 00:00" endt="3000.01.01 00:00"></prprvl>
                </lcycl>
            </prpr>

            <prpr name = "MAX_SESSION_CAP_LIMIT" encryptionClass = "com.hewitt.cat.tba.properties.encrypter.NoOpPropertyEncrypter">
                <lcycl name="qc">
                        <prprvl bgdt="2000.01.01 00:00" endt="3000.01.01 00:00">100</prprvl>
                </lcycl>
            </prpr>

            <prpr name = "PORTAL_BLACKOUT" encryptionClass = "com.hewitt.cat.tba.properties.encrypter.NoOpPropertyEncrypter">
                <lcycl name="pu">
                        <prprvl bgdt="2000.01.01 00:00" endt="2018.01.30 19:00">FALSE</prprvl>
                        <prprvl bgdt="2018.01.30 19:00" endt="2018.01.31 00:00">TRUE</prprvl>
                        <prprvl bgdt="2018.01.31 00:00" endt="3000.01.01 00:00">FALSE</prprvl>
                </lcycl>
            </prpr>

            <prpr name = "PORTAL_BLACKOUT_TEXT" encryptionClass = "com.hewitt.cat.tba.properties.encrypter.NoOpPropertyEncrypter">
                <lcycl name="pu">
                        <prprvl bgdt="2000.01.01 00:00" endt="3000.01.01 00:00">Please visit again on or after 10-23-2017</prprvl>
                </lcycl>
                <lcycl name="qc">
                        <prprvl bgdt="2000.01.01 00:00" endt="3000.01.01 00:00">test&#60;br&#62;&#38;#37; &#64; &#38; &#60; &#62; &#40; &#41;&#60;br&#62;&#169; &#174; &#8482;&#60;br&#62;&#60;a href&#61;"http://www.cnn.com/"&#62;http://www.cnn.com/&#60;/a&#62;&#60;br&#62;&#60;a href&#61;"https://www.amazon.com/"&#62;https://www.amazon.com/&#60;/a&#62;</prprvl>
                </lcycl>
            </prpr>

            <prpr name = "PORTAL_SESSION_TIMEOUT" encryptionClass = "com.hewitt.cat.tba.properties.encrypter.NoOpPropertyEncrypter">
                <lcycl name="qc">
                        <prprvl bgdt="2000.01.01 00:00" endt="3000.01.01 00:00">30</prprvl>
                </lcycl>
            </prpr>

            <prpr name = "PORTAL_SESSION_TIMEOUT_WARNING" encryptionClass = "com.hewitt.cat.tba.properties.encrypter.NoOpPropertyEncrypter">
                <lcycl name="qc">
                        <prprvl bgdt="2000.01.01 00:00" endt="3000.01.01 00:00">2</prprvl>
                </lcycl>
            </prpr>

            <prpr name = "UCE_SCHEMA_NAME" encryptionClass = "com.hewitt.cat.tba.properties.encrypter.NoOpPropertyEncrypter">
                <lcycl name="pu">
                        <prprvl bgdt="2000.01.01 00:00" endt="3000.01.01 00:00">ucceClient7155</prprvl>
                </lcycl>
                <lcycl name="qc">
                        <prprvl bgdt="2000.01.01 00:00" endt="3000.01.01 00:00">ucceClient7155</prprvl>
                </lcycl>
                <lcycl name="qa">
                        <prprvl bgdt="2000.01.01 00:00" endt="3000.01.01 00:00">ucceClient7155</prprvl>
                </lcycl>
            </prpr>

            <prpr name = "VANITY_URL" encryptionClass = "com.hewitt.cat.tba.properties.encrypter.NoOpPropertyEncrypter">
                <lcycl name="pu">
                        <prprvl bgdt="2000.01.01 00:00" endt="3000.01.01 00:00">http://resources.hewitt.com/campbells/</prprvl>
                </lcycl>
                <lcycl name="qc">
                        <prprvl bgdt="2000.01.01 00:00" endt="3000.01.01 00:00">http://resources1.hewitt.com/campbells/</prprvl>
                </lcycl>
                <lcycl name="qa">
                        <prprvl bgdt="2000.01.01 00:00" endt="3000.01.01 00:00">http://test.resources.hewitt.com/qa/campbells/</prprvl>
                </lcycl>
                <lcycl name="tu">
                        <prprvl bgdt="2000.01.01 00:00" endt="3000.01.01 00:00">http://test.resources.hewitt.com/qa/campbells/</prprvl>
                </lcycl>
                <lcycl name="dv">
                        <prprvl bgdt="2000.01.01 00:00" endt="3000.01.01 00:00">http://test.resources.hewitt.com/qa/campbells/</prprvl>
                </lcycl>
            </prpr>

            <prpr name = "WEB_ANALYTICS_UA_CLIENT_PROPERTY_ID" encryptionClass = "com.hewitt.cat.tba.properties.encrypter.NoOpPropertyEncrypter">
                <lcycl name="pu">
                        <prprvl bgdt="2000.01.01 00:00" endt="3000.01.01 00:00">UA-97339395-1</prprvl>
                </lcycl>
                <lcycl name="qc">
                        <prprvl bgdt="2000.01.01 00:00" endt="3000.01.01 00:00">UA-97339395-2</prprvl>
                </lcycl>
                <lcycl name="qa">
                        <prprvl bgdt="2000.01.01 00:00" endt="3000.01.01 00:00">UA-97339395-2</prprvl>
                </lcycl>
                <lcycl name="tu">
                        <prprvl bgdt="2000.01.01 00:00" endt="3000.01.01 00:00">UA-97339395-2</prprvl>
                </lcycl>
                <lcycl name="dv">
                        <prprvl bgdt="2000.01.01 00:00" endt="3000.01.01 00:00">UA-97339395-2</prprvl>
                </lcycl>
            </prpr>

            <prpr name = "YBR_CLIENT_PEDIGREE" encryptionClass = "com.hewitt.cat.tba.properties.encrypter.NoOpPropertyEncrypter">
                <lcycl name="pu">
                        <prprvl bgdt="2000.01.01 00:00" endt="3000.01.01 00:00">01955_16452_ybr_ybrfndt</prprvl>
                </lcycl>
                <lcycl name="qc">
                        <prprvl bgdt="2000.01.01 00:00" endt="3000.01.01 00:00">01955_16452_ybr_ybrfndt</prprvl>
                </lcycl>
                <lcycl name="qa">
                        <prprvl bgdt="2000.01.01 00:00" endt="3000.01.01 00:00">01955_16452_ybr_ybrfndt</prprvl>
                </lcycl>
            </prpr>

            <prpr name = "YBR_STATIC_FILE_SERVER" encryptionClass = "com.hewitt.cat.tba.properties.encrypter.NoOpPropertyEncrypter">
                <lcycl name="pu">
                        <prprvl bgdt="2000.01.01 00:00" endt="3000.01.01 00:00">cache.hacontent.com/ybr/R516</prprvl>
                </lcycl>
                <lcycl name="qc">
                        <prprvl bgdt="2000.01.01 00:00" endt="3000.01.01 00:00">cache.hacontent.com/qcybr/R516</prprvl>
                </lcycl>
                <lcycl name="qa">
                        <prprvl bgdt="2000.01.01 00:00" endt="3000.01.01 00:00">bitlb01.hewitt.com/ybr/R516</prprvl>
                </lcycl>
            </prpr>

            <prpr name = "YS_PRVS_MGNT_END_POINT" encryptionClass = "com.hewitt.cat.tba.properties.encrypter.NoOpPropertyEncrypter">
                <lcycl name="tu">
                        <prprvl bgdt="2000.01.01 00:00" endt="3000.01.01 00:00">https://webservices.dv.alight.com/ProcessEngineWebDV/services/alight/YSPlanMgmt</prprvl>
                </lcycl>
            </prpr>
    </prprRoot>
