<?xml version="1.0" encoding="UTF-8"?>
<!DOCTYPE hibernate-mapping PUBLIC
"-//Hibernate/Hibernate Mapping DTD 3.0//EN"
"http://hibernate.sourceforge.net/hibernate-mapping-3.0.dtd">

<hibernate-mapping
	package="com.aonhewitt.portal.configuration.modules.validvalues.model">
	<class name="BaseValidFieldValueGrpConfig" table="base_prtl_vld_vl_grp">
		<id name="name" type="string">
			<column name="nm" length="255" not-null="true" />
			<generator class="assigned" />
		</id>
		<property name="desc" type="string">
			<column name="desc_tx" length="255" />
		</property>
		<property name="beginDate" type="date">
			<column name="beg_dt" length="0" not-null="true" />
		</property>
		<property name="endDate" type="date">
			<column name="end_dt" length="0" not-null="true" />
		</property>
		<property name="version" column="VRSN_NR" />

		<!-- Audit -->
		<property column="CRT_DT" name="createdDate" />
		<property column="CRT_BY" name="createdBy" />
		<property column="LST_UPD_BY" name="updatedBy" />
		<property column="LST_UPD_DT" name="updatedDate" />

		<property column="IS_OVRD" name="overrideable" />
		<property column="IS_NDS_MR_INFO" name="needsMoreInfo" />

		<set name="baseValidFieldValueAtrbConfigs" table="base_prtl_vld_vl_atrb"
			inverse="true" lazy="false" fetch="select" cascade="all">
			<key>
				<column name="nm" length="40" not-null="true" />
			</key>
			<one-to-many class="BaseValidFieldValueAtrbConfig" />
		</set>
	</class>	
	<class name="BaseValidFieldValueAtrbConfig" table="base_prtl_vld_vl_atrb">
		<!-- <id name="attributeName" type="string">
			<column name="atrb_nm" length="255" not-null="true" />
			<generator class="assigned" />
		</id> -->
		<composite-id mapped="false" unsaved-value="undefined">
            <key-property name="attributeName" type="string" length="255">
                    <column name="atrb_nm" />
            </key-property>
            <key-property name="name" type="string" length="255">
                    <column name="nm" />
            </key-property>
        </composite-id>
		<property name="attributeDecode" type="string">
			<column name="atrb_dcd" length="255" not-null="true" />
		</property>
		<property name="attributeDesc" type="string">
			<column name="atrb_desc" length="255" not-null="true" />
		</property>
		<property name="attributeSequence" type="string">
			<column name="atrb_sq" length="255" not-null="true" />
		</property>
		
		<!-- Audit -->
		<property column="CRT_DT" name="createdDate" />
		<property column="CRT_BY" name="createdBy" />
		<property column="LST_UPD_BY" name="updatedBy" />
		<property column="LST_UPD_DT" name="updatedDate" />
		
		<!-- <many-to-one name="baseValidFieldValueGrpConfig" class="BaseValidFieldValueGrpConfig"
			fetch="select" lazy="false" >
			<column name="nm" length="40" not-null="true" />
		</many-to-one> -->
		
	</class>
</hibernate-mapping>