<?xml version="1.0"?>
<!-- Entry for all modules go here -->
<modules>
	<!-- baseVirtualSubscribe="true"  -->
	<module id="CORE_VALID_VALUES" desc="Valid Value" baseAutoSubscribe="true">
		<!-- Query Names for loading Base Configuration -->
		<loader type="BASE" name="baseLoader">
			<query id="VALIDVALUE">from BaseValidFieldValueGrpConfig </query>
		</loader>
		<!-- Query Names for loading Client Configuration -->
		<loader type="CLIENT" name="clientLoader">
			<query id="VALIDVALUE">from ValidFieldValueGrpConfig e where e.lineage=?	</query>
		</loader>
		<resolver type="BASE" name="baseResolver" />
		<resolver type="CLIENT" name="clientResolver" />
		<relation>
			<parent id="VALIDVALUE" targetLvl="true" />
		</relation>
	</module>
</modules>