<?xml version="1.0" encoding="UTF-8"?>
<!DOCTYPE hibernate-mapping PUBLIC
"-//Hibernate/Hibernate Mapping DTD 3.0//EN"
"http://hibernate.sourceforge.net/hibernate-mapping-3.0.dtd">

<hibernate-mapping
	package="com.aonhewitt.portal.configuration.modules.validvalues.model">
	<class name="ValidFieldValueGrpConfig" entity-name="ValidFieldValueGrpConfigAudit" table="PRTL_VLD_VL_GRP_AUDIT" lazy="false"
		mutable="true" dynamic-insert="true"  polymorphism="explicit">
		 <id name="auditNodeId" type="string">
			<column name="ADT_NODE_ID" length="40" />
			<generator class="assigned" />
		</id>
		<property name="name" column="nm" type="java.lang.String" length="255"/>
		<property name="desc" type="string">
			<column name="desc_tx" length="255" />
		</property>
		<property name="lineage" type="string">
			<column name="lineage" length="20" not-null="true" />
		</property>
		<property column="REF_ID" generated="never" lazy="false"
			name="refId" />
		<property column="OVRD_ACTN_CD" generated="never" lazy="false"
			name="ovrdActnCd" />
		<property name="beginDate" type="date">
			<column name="beg_dt" length="0" not-null="true" />
		</property>
		<property name="endDate" type="date">
			<column name="end_dt" length="0" not-null="true" />
		</property>
		<property name="version" column="VRSN_NR" />

		<!-- Audit -->
		<property column="CRT_DT" name="createdDate" />
		<property column="CRT_BY" name="createdBy" />
		<property column="LST_UPD_BY" name="updatedBy" />
		<property column="LST_UPD_DT" name="updatedDate" />

		<property column="IS_OVRD" name="overrideable" />
		<property column="IS_NDS_MR_INFO" name="needsMoreInfo" />

	</class>
	<class name="ValidFieldValueAtrbConfig" entity-name="ValidFieldValueAtrbConfigAudit" table="PRTL_VLD_VL_ATRB_AUDIT" lazy="false"
		mutable="true" dynamic-insert="true"  polymorphism="explicit">
		<!-- <id name="attributeName" type="string">
			<column name="atrb_nm" length="255" not-null="true" />
			<generator class="assigned" />
		</id> -->
		 <id name="auditNodeId" type="string">
			<column name="ADT_NODE_ID" length="40" />
			<generator class="assigned" />
		</id>
		<property name="attributeName" column="atrb_nm" type="java.lang.String" length="255"/>
		<property name="name" column="nm" type="java.lang.String" length="255"/>
		<property name="attributeDecode" type="string">
			<column name="atrb_dcd" length="255" not-null="true" />
		</property>
		<property name="attributeDesc" type="string">
			<column name="atrb_desc" length="255" not-null="true" />
		</property>
		<property name="attributeSequence" type="string">
			<column name="atrb_sq" length="255" not-null="true" />
		</property>
		<property name="lineage" type="string">
			<column name="lineage" length="20" not-null="true" />
		</property>
		
		<!-- Audit -->
		<property column="CRT_DT" name="createdDate" />
		<property column="CRT_BY" name="createdBy" />
		<property column="LST_UPD_BY" name="updatedBy" />
		<property column="LST_UPD_DT" name="updatedDate" />
		
		<!-- <many-to-one name="validFieldValueGrpConfig" class="ValidFieldValueGrpConfig"
			fetch="select" lazy="false" >
			<column name="nm" length="40" not-null="true" />
		</many-to-one> -->
	</class>
</hibernate-mapping>