<?xml version="1.0" encoding="UTF-8"?>
<!DOCTYPE hibernate-mapping PUBLIC
"-//Hibernate/Hibernate Mapping DTD 3.0//EN"
"http://hibernate.sourceforge.net/hibernate-mapping-3.0.dtd">

<hibernate-mapping package="com.aonhewitt.portal.ytr.stmt.tooling.config.model">
	<class name="BaseYTRStmtComponentConfig" table="BASE_YTR_STMT_COMPONENT_CONFIG" lazy="false" mutable="true">
		<id name="nodeId" type="string">
            <column name="ID"  length="40" />
            <generator class="assigned" />
        </id>
		 <property name="name" type="string">
            <column name="COMPONENT_NAME" length="255" not-null="true" />
        </property>
        <property name="displayName" type="string">
			<column name="COMPONENT_DISPLAY_NAME" length="255" />
		</property>
 		 <property name="expression" type="string">
            <column name="COMPONENT_EXPRESSION" length="100" not-null="true" />
        </property>
		<property name="templateName" type="string">
            <column name="COMPONENT_TEMPLATE_NAME" length="255" not-null="true"/>
        </property>				
		 <property name="status" type="boolean">
            <column name="COMPONENT_STATUS"  />
        </property>
		<property name="seqNo" type="integer">
            <column name="COMPONENT_SEQ_NO"  />
        </property>
		<property name="configXml" type="string">
            <column name="COMPONENT_CONFIG_XML"  />
        </property>
 		<property name="componentType" type="integer">
            <column name="COMPONENT_TYPE"  />
        </property>
		<property name="parentId" type="string">
			<column name="PARENT_ID" />
		</property>
		<set name="childSet" lazy="false" cascade="all">
			<key>
				<column name="PARENT_ID"></column>
			</key>
			<one-to-many class="BaseYTRStmtComponentConfig"/>
		</set>
			
		<!-- Required columns for Base kernel tables  -->
		<property name="beginDate" column="BEG_DT" generated="never" lazy="false" type="date"/>
  		<property name="endDate" column="END_DT" generated="never" lazy="false"  type="date"/>
		<property name="version" column="VRSN_NR" lazy="false" type="double"/>
		<property name="desc" column="DESC_TX" generated="never" lazy="false" type="string"/>		
		<!-- Audit -->
		<property column="CRT_DT" name="createdDate" type="timestamp"/>
  		<property column="CRT_BY" name="createdBy" type="string"/>
 		<property column="LST_UPD_BY" name="updatedBy" type="string"/>
  		<property column="LST_UPD_DT" name="updatedDate" type="date"/>
   		<property column="IS_OVRD" name="overrideable" />
  		<property column="IS_NDS_MR_INFO" name="needsMoreInfo" />
	</class>
	<class name="YTRStmtSourceTypeConfig" table="YTR_STMT_SOURCE_TYPE_CONFIG">
		<id name="id" type="string">
            <column name="ID"  length="40" />
            <generator class="assigned" />
        </id>
		<property name="sourceName" type="string" >
			<column name="SOURCE_NAME"></column>
		</property>
		<property name="sourceType" type="string" >
			<column name="SOURCE_TYPE"></column>
		</property>
		<property name="identifier" type="string" >
			<column name="IDENTIFIER"></column>
		</property>
		<property name="status" type="boolean" >
			<column name="STATUS"></column>
		</property>
	 </class>
 </hibernate-mapping>
