<?xml version="1.0"?>
<!-- Entry for all modules go here -->
<modules>
	<module id="YTR_PORTLET_CONF" desc="Module for YTR chart module" baseAutoSubscribe="true">			
		<!-- Query Names for loading Base Configuration -->
		<loader type="BASE" name="baseLoader">
			<query id="SOURCE_CONF">from BaseYTRPortletConfig config</query>
		</loader>			
		<!-- Query Names for loading Client Configuration -->
		<loader type="CLIENT" name="clientLoader">
			<query id="SOURCE_CONF" >from YTRPortletConfig config where config.lineage=?</query>
		</loader>		
		<resolver type="BASE" name="baseResolver" />				
		<resolver type="CLIENT" name="clientResolver" />
		<relation>
			<parent id="SOURCE_CONF" targetLvl="true" />
		</relation>
	</module>
</modules>