<?xml version="1.0"?>
<!-- Entry for all modules go here -->
<modules>
	<module id="YTR_STMT_SUBSECTION_CONF" desc="Module for YTR statment " baseAutoSubscribe="true">			
		<!-- Query Names for loading Base Configuration -->
		<loader type="BASE" name="baseLoader">
			<query id="SOURCE_CONF">from BaseYTRStmtComponentConfig ytrstmt where ytrstmt.componentType=2 order by ytrstmt.seqNo asc, ytrstmt.createdDate asc, ytrstmt.name asc</query>
		</loader>			
		<!-- Query Names for loading Client Configuration -->
		<loader type="CLIENT" name="clientLoader">
			<query id="SOURCE_CONF" >from YTRStmtComponentConfig ytrstmt where ytrstmt.componentType=2 and ytrstmt.lineage=? order by ytrstmt.seqNo asc, ytrstmt.createdDate asc, ytrstmt.name asc</query>
		</loader>		
		<resolver type="BASE" name="baseResolver" />				
		<resolver type="CLIENT" name="clientResolver" />
		<relation>
			<parent id="SOURCE_CONF" targetLvl="true" />
		</relation>
	</module>
</modules>