<?xml version="1.0" encoding="UTF-8"?>
<!DOCTYPE hibernate-mapping PUBLIC
"-//Hibernate/Hibernate Mapping DTD 3.0//EN"
"http://hibernate.sourceforge.net/hibernate-mapping-3.0.dtd">

<hibernate-mapping package="com.aonhewitt.portal.ytr.stmt.tooling.config.model">
	 <class name="YTRStmtComponentConfig" table="YTR_STMT_COMPONENT_CONFIG" lazy="false" mutable="true">
		<composite-id mapped="false" unsaved-value="undefined">
			<key-property name="nodeId" type="string" length="40">
				<column name="ID" sql-type="varchar(40)" />
			</key-property>
			<key-property column="LINEAGE" name="lineage" type="java.lang.String" />		
		</composite-id>
		 <property name="name" type="string">
			<column name="COMPONENT_NAME" length="255" not-null="true" />
		</property>
		<property name="displayName" type="string">
			<column name="COMPONENT_DISPLAY_NAME" length="255" />
		</property>
		
		 <property name="expression" type="string">
			<column name="COMPONENT_EXPRESSION" length="100" not-null="true" />
		</property>
		<property name="templateName" type="string">
			<column name="COMPONENT_TEMPLATE_NAME" length="255" not-null="true"/>
		</property>				
		 <property name="status" type="boolean">
			<column name="COMPONENT_STATUS"  />
		</property>
		<property name="seqNo" type="integer">
			<column name="COMPONENT_SEQ_NO"  />
		</property>
		<property name="configXml" type="string">
			<column name="COMPONENT_CONFIG_XML"  />
		</property>
		<property name="componentType" type="integer">
			<column name="COMPONENT_TYPE"  />
		</property>
		<property name="parentId" type="string">
			<column name="PARENT_ID" />
		</property>
		<set name="childSet" lazy="false" cascade="all">
			<key>
				<column name="PARENT_ID"></column>
				<column name="LINEAGE"></column>
			</key>
			<one-to-many class="YTRStmtComponentConfig"/>
		</set>
			
		<!-- Required columns for Base kernel tables  -->
		<property name="beginDate" column="BEG_DT" generated="never" lazy="false" type="date"/>
  		<property name="endDate" column="END_DT" generated="never" lazy="false"  type="date"/>
  		<property name="refId" column="REF_ID" generated="never" lazy="false"/>
  		<property name="ovrdActnCd" column="OVRD_ACTN_CD" generated="never" lazy="false" />
		<property name="desc" column="DESC_TX" generated="never" lazy="false" type="string"/>		
		<!-- Audit -->
		<property column="CRT_DT" name="createdDate" type="timestamp"/>
  		<property column="CRT_BY" name="createdBy" type="string"/>
 		<property column="LST_UPD_BY" name="updatedBy" type="string"/>
  		<property column="LST_UPD_DT" name="updatedDate" type="date"/>
   		<property column="IS_OVRD" name="overrideable" />
  		<property column="IS_NDS_MR_INFO" name="needsMoreInfo" />
	</class>
</hibernate-mapping>
