<?xml version="1.0" encoding="UTF-8"?>
<!DOCTYPE hibernate-mapping PUBLIC
"-//Hibernate/Hibernate Mapping DTD 3.0//EN"
"http://hibernate.sourceforge.net/hibernate-mapping-3.0.dtd">

<hibernate-mapping package="com.aonhewitt.portal.configuration.modules.edit.model">
	<class name="BaseEditConfig" table="BASE_EDIT" lazy="false"	mutable="true">
		<id name="nodeId" type="string" length="40">
			<column name="EDIT_ID" sql-type="varchar(45)" />
			<generator class="assigned" />
		</id>
		<property name="contextName" column="CNTX_NM" />
		<property name="groupName" column="GP_NM" />
		<property name="editMsgId" column="EDIT_MSG_ID" />
		<property name="editSeverity" column="EDIT_SVR" />
		<property name="editClassification" column="EDIT_CLSF" />
		<property name="owner" column="OWNR" />		
		<property name="endDate" column="END_DT" type="date" />
		<property name="beginDate" column="BEG_DT" type="date" />
		<property name="desc" column="DESC_TX" />
		<property name="version" column="VRSN_NR" />
		<property column="CRT_DT" name="createdDate" />
		<property column="CRT_BY" name="createdBy" />
		<property column="LST_UPD_BY" name="updatedBy" />
		<property column="LST_UPD_DT" name="updatedDate" />
		<property column="IS_OVRD" name="overrideable" />
		<property column="IS_NDS_MR_INFO" name="needsMoreInfo" />
	</class>
</hibernate-mapping>
