<?xml version="1.0" encoding="UTF-8"?>
<!DOCTYPE hibernate-mapping PUBLIC "-//Hibernate/Hibernate Mapping DTD 3.0//EN"
                                   "http://hibernate.sourceforge.net/hibernate-mapping-3.0.dtd">
<!-- Configuration File -->                                   
<hibernate-mapping package="com.aonhewitt.portal.configuration.modules.edit.model">
	<class lazy="false" mutable="true" name="ClientEditConfig" table="edit">
		<composite-id mapped="false" unsaved-value="undefined">
			<key-property name="nodeId" type="string" length="40">
				<column name="EDIT_ID" sql-type="varchar(40)" />
			</key-property>
			<key-property column="LINEAGE" name="lineage" type="string" />
		</composite-id>
	    <property column="BEG_DT" name="beginDate" type="date" />			
		<property column="REF_ID" generated="never" lazy="false"
			name="refId" />
		<property column="END_DT" generated="never" lazy="false"
			name="endDate" type="date" />
		<property column="OVRD_ACTN_CD" generated="never" lazy="false"
			name="ovrdActnCd" />
		<property column="DESC_TX" generated="never" lazy="false"
			name="desc" />
	    <property name="contextName" column="CNTX_NM" />
		<property name="groupName" column="GP_NM" />
		<property name="editMsgId" column="EDIT_MSG_ID" />
		<property name="editSeverity" column="EDIT_SVR" />
		<property name="editClassification" column="EDIT_CLSF" />
		<property name="owner" column="OWNR" />
		
		<!-- Audit -->
		<property column="CRT_DT" name="createdDate" />
		<property column="CRT_BY" name="createdBy" />
		<property column="LST_UPD_BY" name="updatedBy" />
		<property column="LST_UPD_DT" name="updatedDate" />
		<!-- <property column="IS_OVRD" name="overrideable" />
		<property column="IS_NDS_MR_INFO" name="needsMoreInfo" />-->
	</class>
</hibernate-mapping>
