<?xml version="1.0"?>
<!-- Entry for all modules go here -->
<modules>
	<!-- baseVirtualSubscribe="true"  -->
	<module id="CORE_EDITS" desc="Edits" baseAutoSubscribe="true">			
		<!-- Query Names for loading Base Provisions -->
		<loader type="BASE" name="baseLoader">
			<query id="COREEDIT">from BaseEditConfig bec order by bec.nodeId</query>				
		</loader>
		<loader type="CLIENT" name="clientLoader">
			<query id="COREEDIT">from ClientEditConfig cec where cec.lineage=? order by cec.nodeId</query>				
		</loader>
		<resolver type="BASE" name="baseResolver" />
		<resolver type="CLIENT" name="clientResolver" />
		<relation>
			<parent id="COREEDIT" targetLvl="true"/>
		</relation>
	</module>
</modules>