<?xml version="1.0"?>
<!-- Entry for all modules go here -->
<modules>

	
	<module id="ASSET_MANAGEMENT" desc="Asset Management" baseAutoSubscribe="true" isUCCE="true" isUPoint="true">			
		<!-- Query Names for loading Base Configuration -->
		<loader type="BASE" name="baseLoader">
			<query id="AssetGroup">Select ag from BaseAssetGroup ag left join ag.assetGroupTypeDefinition agtd where agtd.nodeId != '6' </query>
		</loader>			
		<!-- Query Names for loading Client Configuration -->
		<loader type="CLIENT" name="clientLoader">
			<query id="AssetGroup" >from AssetGroup ag where ag.assetgroupTypeId != '6' and ag.lineage=?</query>
		</loader>		
		<resolver type="BASE" name="baseResolver" />				
		<resolver type="CLIENT" name="clientResolver" />
		<relation>
			<parent id="AssetGroup" targetLvl="true" />
		</relation>
	</module>
</modules>