<?xml version="1.0"?>
<!DOCTYPE hibernate-mapping PUBLIC "-//Hibernate/Hibernate Mapping DTD 3.0//EN"
"http://hibernate.sourceforge.net/hibernate-mapping-3.0.dtd">
<!-- Generated Mar 14, 2013 9:30:58 AM by Hibernate Tools 3.4.0.CR1 -->
<hibernate-mapping package="com.aonhewitt.portal.configuration.modules.assetmanagement.model">
	<class name="BaseAssetGroup" table="ASSETGROUP_AUDIT" entity-name="BaseAssetGroupAudit" dynamic-insert="true" polymorphism="explicit">
		<id name="auditNodeId" type="string">
			<column name="ADT_NODE_ID" length="40" />
			<generator class="assigned" />
		</id>
		<property name="nodeId" type="string">
			<column name="id" length="40" />
		</property>
		<property name="name" type="string">
			<column name="name" length="255" not-null="true" />
		</property>
		<property name="displayName" type="string">
			<column name="dsply_nm" length="255" not-null="false" />
		</property>
		<property name="desc" type="string">
			<column name="description" length="255" not-null="true" />
		</property>
		<property name="scope" type="string">
			<column name="scope" length="45" not-null="true" />
		</property>
		<property name="beginDate" type="date">
			<column name="begDate" length="0" not-null="true" />
		</property>
		<property name="endDate" type="date">
			<column name="endDate" length="0" not-null="true" />
		</property>
		<property name="overrideable">
			<column name="overrideable" />
		</property>
		<property name="needsMoreInfo">
			<column name="needsMoreInfo" />
		</property>
		<property name="expressionId" type="string">
			<column name="expressionkey" length="255" />
		</property>
		<property name="instanceNumber" type="string">
			<column name="instanceNumber" length="40" />
		</property>
	
		<property name="assetgroupSubType" type="java.lang.Integer">
			<column name="sub_type" />
		</property>
		<property name="expressionConfigurable">
			<column name="is_expr_cnfg" default="1"/>
		</property>
		<property name="metadataId">
			<column name="metadata_id" length="40" />
		</property>
		<property name="parentReptItemName" type="string">
			<column name="parn_rept_item_nm" length="255" />
		</property>
		<property name="baseOnlyConfig">
			<column name="is_base_cnfg" default="0"/>
		</property>
    	  <property column="CRT_DT" name="createdDate" />
    	  <property column="CRT_BY" name="createdBy" />
    	  <property column="LST_UPD_BY" name="updatedBy" />
    	  <property column="LST_UPD_DT" name="updatedDate" />
	</class>
	<class name="AssetGroupUIContext" table="ASSETGROUPUICONTEXT_AUDIT" entity-name="AssetGroupUIContextAudit" dynamic-insert="true" polymorphism="explicit">
		<id name="auditNodeId" type="string">
			<column name="ADT_NODE_ID" length="40" />
			<generator class="assigned" />
		</id>
		<property name="nodeId" type="string">
			<column name="id" length="40" />
		</property>
		<property name="seqNumber" type="java.lang.Integer">
			<column name="sequence" />
		</property>
		<property name="pageName" type="string">
			<column name="page" length="255" not-null="false" />
		</property>
		<property name="portletName" type="string">
			<column name="portlet" length="255" />
		</property>
		<property name="instanceId" type="string">
			<column name="inst_id" length="255" />
		</property>
		<property name="articleId" type="string">
			<column name="articleid" length="255" />
		</property>
		<property name="context" type="string">
			<column name="context" length="255" />
		</property>
		<property name="assetGroupId" type="string">
			<column name="assetGroup_Id" length="40" />
		</property>
		 
	</class>
	<class name="AssetGroupInstanceAssets" table="ASSETGROUPINSTANCEASSETS_AUDIT" entity-name="AssetGroupInstanceAssetsAudit" dynamic-insert="true" polymorphism="explicit">
		
		<id name="auditNodeId" type="string">
			<column name="ADT_NODE_ID" length="40" />
			<generator class="assigned" />
		</id>
		<property name="nodeId" type="string">
			<column name="id" length="40" />
		</property>
		<property name="sequence" type="java.lang.Integer">
			<column name="sequence" />
		</property>
		<property name="htmlCustomTag">
			<column name="is_cust_tag" />
		</property>
		<property name="htmlBegTagText" type="string">
			<column name="html_beg_tag_tx" length="255" />
		</property>
		<property name="htmlEndTagText" type="string">
			<column name="html_end_tag_tx" length="255" />
		</property>
		<property name="htmlMarkup" type="string">
			<column name="htmlMarkup" length="45" />
		</property>
		<property name="assetName" type="string">
			<column name="name" length="255" not-null="true" />
		</property>
		<property name="desc" type="string">
			<column name="description" length="255" />
		</property>
		<property name="assetType" type="string">
			<column name="assetType" length="45" not-null="true" />
		</property>
		<property name="assetKey" type="string">
			<column name="assetKey" length="255" not-null="true" />
		</property>
		<property name="expressionId" type="string">
			<column name="expressionkey" length="255" />
		</property>
		 
		<property name="expressionConfigurable">
			<column name="is_expr_cnfg" default="1"/>
		</property>
		<property name="repeatable">
			<column name="is_rept" default="1"/>
		</property>
		<property name="baseOnlyConfig">
			<column name="is_base_cnfg" default="0"/>
		</property>
	<property name="assetGroupId" type="string">
			<column name="assetGroup_Id" length="40" />
		</property>
	</class>
	<class name="AssetGroupTypeDefinition" table="ASSET_GRP_TYPE_DFN_AUDIT" entity-name="AssetGroupTypeDefinitionAudit" dynamic-insert="true" polymorphism="explicit">
		<id name="auditNodeId" type="string">
			<column name="ADT_NODE_ID" length="40" />
			<generator class="assigned" />
		</id>
		<property name="nodeId" type="string">
			<column name="TYPE_ID" length="40" />
		</property>
		<property name="typeName" type="string">
			<column name="TYPE_NM" length="255" not-null="true" />
		</property>
		<property name="typeDescription" type="string">
			<column name="TYPE_DESC" length="255" not-null="true" />
		</property>
	</class>
	<class name="AssetValue" table="ASSET_VALUE_AUDIT" entity-name="AssetValueAudit" dynamic-insert="true" polymorphism="explicit">
		<id name="auditNodeId" type="string">
			<column name="ADT_NODE_ID" length="40" />
			<generator class="assigned" />
		</id>
		<property name="nodeId" type="string">
			<column name="asset_vl_id" length="40" />
		</property>
		<property name="assetValue" type="string" >
		<column name="asset_vl" length="255" />
		</property>		
		
		<property name="seqNumber" type="java.lang.Integer">
			<column name="sequence" />
		</property>
	</class>
</hibernate-mapping>
