<?xml version="1.0"?>
<!DOCTYPE hibernate-mapping PUBLIC "-//Hibernate/Hibernate Mapping DTD 3.0//EN"
"http://hibernate.sourceforge.net/hibernate-mapping-3.0.dtd">
<!-- Generated Mar 14, 2013 9:30:58 AM by Hibernate Tools 3.4.0.CR1 -->
<hibernate-mapping package="com.aonhewitt.portal.configuration.modules.assetmanagement.model">
	<class name="BaseAssetGroup" table="assetgroup">
		<id name="nodeId" type="string">
			<column name="id" length="40" />
			<generator class="assigned" />
		</id>
		<property name="name" type="string">
			<column name="name" length="255" not-null="true" />
		</property>
		<property name="displayName" type="string">
			<column name="dsply_nm" length="255" not-null="false" />
		</property>
		<property name="desc" type="string">
			<column name="description" length="255" not-null="true" />
		</property>
		<property name="scope" type="string">
			<column name="scope" length="45" not-null="true" />
		</property>
		<property name="beginDate" type="date">
			<column name="begDate" length="0" not-null="true" />
		</property>
		<property name="endDate" type="date">
			<column name="endDate" length="0" not-null="true" />
		</property>
		<property name="overrideable">
			<column name="overrideable" />
		</property>
		<property name="needsMoreInfo">
			<column name="needsMoreInfo" />
		</property>
		<property name="expressionId" type="string">
			<column name="expressionkey" length="255" />
		</property>
		<property name="instanceNumber" type="string">
			<column name="instanceNumber" length="40" />
		</property>
		<set name="assetGroupUIContexts" table="assetgroupuicontext"
			inverse="true" lazy="false" fetch="subselect" cascade="all">
			<key>
				<column name="assetgroup_id" length="40" not-null="true" />
			</key>
			<one-to-many class="AssetGroupUIContext" />
		</set>
		<map name="assetGroupInstanceAssetsMap" inverse="true" lazy="false"
			fetch="subselect" cascade="all">
			<key column="assetgroup_id" not-null="true" />
			<map-key column="name" type="string" />
			<one-to-many class="AssetGroupInstanceAssets" />
		</map>
		<many-to-one name="assetGroupTypeDefinition" class="AssetGroupTypeDefinition"
			fetch="select" lazy="false">
			<column name="assetgroup_type_id" length="40" not-null="true" />
		</many-to-one>
		<property name="assetgroupSubType" type="java.lang.Integer">
			<column name="sub_type" />
		</property>
		<property name="expressionConfigurable">
			<column name="is_expr_cnfg" default="1"/>
		</property>
		<property name="metadataId">
			<column name="metadata_id" length="40" />
		</property>
		<property name="parentReptItemName" type="string">
			<column name="parn_rept_item_nm" length="255" />
		</property>
		<property name="baseOnlyConfig">
			<column name="is_base_cnfg" default="0"/>
		</property>
    	  <property column="CRT_DT" name="createdDate" />
    	  <property column="CRT_BY" name="createdBy" />
    	  <property column="LST_UPD_BY" name="updatedBy" />
    	  <property column="LST_UPD_DT" name="updatedDate" />
	</class>
	<class name="AssetGroupUIContext" table="assetgroupuicontext">
		<id name="nodeId" type="string">
			<column name="id" length="40" />
			<generator class="assigned" />
		</id>
		<property name="seqNumber" type="java.lang.Integer">
			<column name="sequence" />
		</property>
		<property name="pageName" type="string">
			<column name="page" length="255" not-null="false" />
		</property>
		<property name="portletName" type="string">
			<column name="portlet" length="255" />
		</property>
		<property name="instanceId" type="string">
			<column name="inst_id" length="255" />
		</property>
		<property name="articleId" type="string">
			<column name="articleid" length="255" />
		</property>
		<property name="context" type="string">
			<column name="context" length="255" />
		</property>
		<many-to-one name="baseAssetGroup" class="BaseAssetGroup"
			fetch="select" lazy="false">
			<column name="assetgroup_id" length="40" not-null="true" />
		</many-to-one>
	</class>
	<class name="AssetGroupInstanceAssets" table="assetgroupinstanceassets">
		<id name="nodeId" type="string">
			<column name="id" length="40" />
			<generator class="assigned" />
		</id>
		<property name="sequence" type="java.lang.Integer">
			<column name="sequence" />
		</property>
		<property name="htmlCustomTag">
			<column name="is_cust_tag" />
		</property>
		<property name="htmlBegTagText" type="string">
			<column name="html_beg_tag_tx" length="255" />
		</property>
		<property name="htmlEndTagText" type="string">
			<column name="html_end_tag_tx" length="255" />
		</property>
		<property name="htmlMarkup" type="string">
			<column name="htmlMarkup" length="45" />
		</property>
		<property name="assetName" type="string">
			<column name="name" length="255" not-null="true" />
		</property>
		<property name="desc" type="string">
			<column name="description" length="255" />
		</property>
		<property name="assetType" type="string">
			<column name="assetType" length="45" not-null="true" />
		</property>
		<property name="assetKey" type="string">
			<column name="assetKey" length="255" not-null="true" />
		</property>
		<property name="expressionId" type="string">
			<column name="expressionkey" length="255" />
		</property>
		<many-to-one name="baseAssetGroup" class="BaseAssetGroup"
			fetch="select" lazy="false">
			<column name="assetgroup_id" length="40" not-null="true" />
		</many-to-one>
		<property name="expressionConfigurable">
			<column name="is_expr_cnfg" default="1"/>
		</property>
		<property name="repeatable">
			<column name="is_rept" default="1"/>
		</property>
		<property name="baseOnlyConfig">
			<column name="is_base_cnfg" default="0"/>
		</property>
		<list name="assetValues" table="asset_value" inverse="true"  lazy="false" fetch="subselect" cascade="all">
            <key column="asset_id"  />
       		 <list-index column="sequence" />
            <one-to-many class="AssetValue" />
        </list>
		
	</class>
	<class name="AssetGroupTypeDefinition" table="ASSET_GRP_TYPE_DFN">
		<id name="nodeId" type="string">
			<column name="TYPE_ID" length="40" />
			<generator class="assigned" />
		</id>
		<property name="typeName" type="string">
			<column name="TYPE_NM" length="255" not-null="true" />
		</property>
		<property name="typeDescription" type="string">
			<column name="TYPE_DESC" length="255" not-null="true" />
		</property>
	</class>
	<class name="AssetValue" table="asset_value">
		<id name="nodeId" type="string">
			<column name="asset_vl_id" length="40" />
			<generator class="assigned" />
		</id>
		<property name="assetValue" type="string" >
		<column name="asset_vl" length="255" />
		</property>		
		
		<property name="seqNumber" type="java.lang.Integer">
			<column name="sequence" />
		</property>
		
		<many-to-one name="assetGroupInstanceAssets" class="AssetGroupInstanceAssets" fetch="select"
			lazy="false">
			<column name="asset_id" length="40" not-null="true" />
		</many-to-one>
	</class>
</hibernate-mapping>
