<?xml version="1.0" encoding="UTF-8"?>
<!DOCTYPE hibernate-mapping PUBLIC "-//Hibernate/Hibernate Mapping DTD 3.0//EN"
                                   "http://hibernate.sourceforge.net/hibernate-mapping-3.0.dtd">
<hibernate-mapping package="com.aonhewitt.portal.configuration.modules.expr.model">
 <class lazy="false" mutable="true" name="BaseExprDataBeanConfig" table="BASE_EXPR_DATABEAN">
  <id name="nodeId" type="string" length="40">
   <column name="DATABEAN_ID" sql-type="varchar(40)"/>
   <generator class="assigned"/>
  </id>
  <property column="CATEGORY" generated="never" lazy="false" name="category"/>
  <property column="BEAN_KEY" generated="never" lazy="false" name="beanKey"/>
  <property column="BEAN_VALUE" generated="never" lazy="false" name="beanValue"/>
  <property column="DESC_TX" generated="never" lazy="false" name="desc"/>
  <property column="SCOPE" generated="never" lazy="false" name="scope"/>
  <array name="properties" table="BASE_EXPR_DATABEAN_PROPS" fetch="subselect">
	<key column="DATABEAN_ID"></key>
	<index column="PROP_SEQ"></index>
	<element type="string" column="PROPERTY_NAME" not-null="true"></element>
  </array>
 </class>
</hibernate-mapping>
