<?xml version="1.0" encoding="UTF-8"?>
<!DOCTYPE hibernate-mapping PUBLIC
"-//Hibernate/Hibernate Mapping DTD 3.0//EN"
"http://hibernate.sourceforge.net/hibernate-mapping-3.0.dtd">

<hibernate-mapping
	package="com.aonhewitt.portal.configuration.modules.expr.model">

	<class name="BaseExprConfig" table="BASE_EXPR_AUDIT" lazy="false"
		mutable="true"  entity-name="BaseExprConfigAudit" dynamic-insert="true"  polymorphism="explicit">
		<id name="auditNodeId" type="string">
			<column name="ADT_NODE_ID" length="40" />
			<generator class="assigned" />
		</id>
		<property name="nodeId" type="string" length="40">
			<column name="EXPR_ID" sql-type="varchar(40)" />
		</property>
		<property name="endDate" column="END_DT" type="date" />
		<property name="beginDate" column="BEG_DT" type="date" />
		<property name="desc" column="DESC_TX" />
		<property name="exprNm" column="EXPR_NM" />
		<property name="exprOprt" column="EXPR_OPRT" />
		<property name="version" column="VRSN_NR" />
		<property column="EXPR_TYPE" name="exprType" />
		<property name="clientFacing" column="IS_CLNT_FACE" />
		<!--<property column="JCLC_XML" name="jcalcXml" />-->
		<!-- Audit -->
		<property column="CRT_DT" name="createdDate" />
		<property column="CRT_BY" name="createdBy" />
		<property column="LST_UPD_BY" name="updatedBy" />
		<property column="LST_UPD_DT" name="updatedDate" />

		<property column="IS_OVRD" name="overrideable" />
		<property column="IS_NDS_MR_INFO" name="needsMoreInfo" />
	</class>
</hibernate-mapping>
