<?xml version="1.0" encoding="UTF-8"?>
<!DOCTYPE hibernate-mapping PUBLIC "-//Hibernate/Hibernate Mapping DTD 3.0//EN"
                                   "http://hibernate.sourceforge.net/hibernate-mapping-3.0.dtd">
<hibernate-mapping package="com.aonhewitt.portal.configuration.modules.expr.model">
 <class lazy="false" mutable="true" name="BaseExprExprConfig" table="BASE_EXPR_TERM_AUDIT" entity-name="BaseExprExprConfigAudit" dynamic-insert="true"  polymorphism="explicit">
  <id name="auditNodeId" type="string">
			<column name="ADT_NODE_ID" length="40" />
			<generator class="assigned" />
   </id>
  <property name="nodeId" type="string" length="40">
    <column name="EXPR_ID" sql-type="varchar(40)"/>
  </property>
  <property column="TERM_SQ" name="seqNo"/>
  <property generated="never" lazy="false" name="childId">
   <column name="CHLD_EXPR_ID" sql-type="varchar(40)"/>
  </property>
 </class>
</hibernate-mapping>
