<?xml version="1.0" encoding="UTF-8"?>
<!DOCTYPE hibernate-mapping PUBLIC
"-//Hibernate/Hibernate Mapping DTD 3.0//EN"
"http://hibernate.sourceforge.net/hibernate-mapping-3.0.dtd">

<hibernate-mapping
	package="com.aonhewitt.portal.configuration.modules.expr.model">
	<class name="BaseTermJcalcTermConfig" table="BASE_JCALC_TERM_AUDIT" lazy="false" mutable="true" entity-name="BaseTermJcalcTermConfigAudit" dynamic-insert="true"  polymorphism="explicit">
		
		<id name="auditNodeId" type="string">
			<column name="ADT_NODE_ID" length="40" />
			<generator class="assigned" />
		 </id>
		<property name="nodeId" type="string" length="40">
				<column name="REF_TERM_ID" sql-type="varchar(40)"/>
		</property>			
		<property name="seqNo">
				<column name="SEQ_NO" sql-type="decimal(5,2)" />
		</property>
		<property generated="never" lazy="false" name="childId"
			not-null="true">
			<column default="0" name="TERM_ID" sql-type="varchar(40)" />
		</property>
	</class>
</hibernate-mapping>