<?xml version="1.0" encoding="UTF-8"?>
<!DOCTYPE hibernate-mapping PUBLIC "-//Hibernate/Hibernate Mapping DTD 3.0//EN"
                                   "http://hibernate.sourceforge.net/hibernate-mapping-3.0.dtd">
<hibernate-mapping package="com.aonhewitt.portal.configuration.modules.expr.model">
 <class lazy="false" mutable="true" name="BaseExprHroPropsConfig" table="BASE_EXPR_HRO_PROPS">
  <id name="nodeId" type="string" length="40">
   <column name="PROPERTY_ID" sql-type="varchar(40)"/>
   <generator class="assigned"/>
  </id>  
  <property column="VALUE" generated="never" lazy="false" name="value"/>
   <property column="DESC_TX" generated="never" lazy="false" name="desc"/>
 </class>
</hibernate-mapping>
