<?xml version="1.0"?>
<!-- Entry for all modules go here -->
<modules>
	<!-- baseVirtualSubscribe="true"  -->
	<module id="CORE_EXPRESSIONS" desc="Expression" baseAutoSubscribe="true" isUCCE="true" isUPoint="true">							
			<!-- Query Names for loading Base Provisions -->
			<loader type="BASE" name="baseLoader">
				<query id="EXPR">from BaseExprConfig expr</query>
				<query id="TERM" >from BaseTermConfig term</query>
				<query id="EXPRTERM" >from BaseExprTermConfig bet where  bet.childId is NOT NULL order by bet.nodeId,bet.seqNo</query>
				<query id="EXPREXPR" >from BaseExprExprConfig bee where  bee.childId is NOT NULL order by bee.nodeId,bee.seqNo</query>
				<query id="JCALCTERM" >from BaseJCalcTermConfig BJterm</query>
				<query id="TERMJCALCTERM" >from BaseTermJcalcTermConfig btjt where  btjt.childId is NOT NULL order by btjt.nodeId,btjt.seqNo</query>
			</loader>			
			<!-- Query Names for loading Client Provisions -->
			<loader type="CLIENT" name="clientLoader">
				<query id="EXPR" >from ExprConfig expr where expr.lineage=?</query>
				<query id="TERM" >from TermConfig term where term.lineage=?</query>
				<query id="JCALCTERM" >from JCalcTermConfig Jterm where Jterm.lineage=?</query>
				<query id="EXPRTERM"><![CDATA[from ExprTermConfig etc where etc.lineage=? and etc.childId is NOT NULL and etc.ovrdActnCd IS NULL order by etc.nodeId, etc.seqNo]]></query>
				<query id="EXPREXPR"> <![CDATA[from ExprExprConfig eec where eec.lineage=? and eec.childId is NOT NULL and eec.ovrdActnCd IS NULL order by eec.nodeId,eec.seqNo]]></query>
				<query id="TERMJCALCTERM" >from TermJcalcTermConfig tjt where tjt.lineage=? and tjt.childId is NOT NULL order by tjt.nodeId,tjt.seqNo</query>
			</loader>								
			<resolver type="BASE" name="baseResolver" />				
			<resolver type="CLIENT" name="clientResolver" />
			<relation>
				<parent id="TERM" >			
					<child id="JCALCTERM" charId="TERMJCALCTERM"/>	
				</parent>
				<parent id="EXPR" targetLvl="true" baseChildAutoSubscribe="false">
					<child id="TERM" charId="EXPRTERM"/>			
					<child id="EXPR" charId="EXPREXPR"/>							
				</parent>				
				<parent id="JCALCTERM" />	
			</relation>
	</module>

</modules>