<?xml version="1.0" encoding="UTF-8"?>
<!DOCTYPE hibernate-mapping PUBLIC "-//Hibernate/Hibernate Mapping DTD 3.0//EN"
                                   "http://hibernate.sourceforge.net/hibernate-mapping-3.0.dtd">
<hibernate-mapping package="com.aonhewitt.portal.configuration.modules.expr.model">
 <class lazy="false" mutable="true" name="ExprTermConfig" table="EXPR_TERM">
  <composite-id mapped="false" unsaved-value="undefined">
   <key-property column="LINEAGE" name="lineage" type="string"/>
   <key-property name="nodeId" type="string" length="40">
    <column name="EXPR_ID" sql-type="varchar(40)"/>
   </key-property>
   <key-property column="TERM_SQ" name="seqNo"/>
   <key-property column="BEG_DT" name="beginDate" type="date"/>
  </composite-id>
  <property generated="never" lazy="false" name="childId">
   <column name="CHLD_TERM_ID" sql-type="varchar(40)"/>
  </property>
  <property column="OVRD_ACTN_CD" generated="never" lazy="false" name="ovrdActnCd"/>
  <property column="END_DT" generated="never" lazy="false"
   name="endDate" type="date"/>
 </class>
</hibernate-mapping>
