<?xml version="1.0" encoding="UTF-8"?>
<!DOCTYPE hibernate-mapping PUBLIC "-//Hibernate/Hibernate Mapping DTD 3.0//EN"
                                   "http://hibernate.sourceforge.net/hibernate-mapping-3.0.dtd">
<!-- Configuration File -->                                   
<hibernate-mapping
	package="com.aonhewitt.portal.configuration.modules.expr.model">
	<class lazy="false" mutable="true" name="ExprConfig" table="EXPR_AUDIT" entity-name="ExprConfigAudit" dynamic-insert="true"  polymorphism="explicit">
		<id name="auditNodeId" type="string">
			<column name="ADT_NODE_ID" length="40" />
			<generator class="assigned" />
		 </id>
		<property name="nodeId" type="string" length="40">
			<column name="EXPR_ID" sql-type="varchar(40)" />
		</property>
		<property column="LINEAGE" name="lineage" type="string" />
	    <property column="BEG_DT" name="beginDate" type="date" />			
		<property column="REF_ID" generated="never" lazy="false"
			name="refId" />
		<property column="END_DT" generated="never" lazy="false"
			name="endDate" type="date" />
		<property column="OVRD_ACTN_CD" generated="never" lazy="false"
			name="ovrdActnCd" />
		<property column="DESC_TX" generated="never" lazy="false"
			name="desc" />
		<property column="EXPR_NM" generated="never" lazy="false"
			name="exprNm" />
		<property column="EXPR_OPRT" generated="never" lazy="false"
			name="exprOprt" />
		<property column="EXPR_TYPE" name="exprType" />
		
<property column="IS_CLNT_FACE" generated="never" lazy="false"
			name="clientFacing" />
		<!--<property column="JCLC_XML" name="jcalcXml" />-->
		<!-- Audit -->
		<property column="CRT_DT" name="createdDate" />
		<property column="CRT_BY" name="createdBy" />
		<property column="LST_UPD_BY" name="updatedBy" />
		<property column="LST_UPD_DT" name="updatedDate" />

		<property column="IS_OVRD" name="overrideable" />
		<property column="IS_NDS_MR_INFO" name="needsMoreInfo" />
	</class>
</hibernate-mapping>
