<?xml version="1.0" encoding="UTF-8"?>
<!DOCTYPE hibernate-mapping PUBLIC
"-//Hibernate/Hibernate Mapping DTD 3.0//EN"
"http://hibernate.sourceforge.net/hibernate-mapping-3.0.dtd">

<hibernate-mapping package="com.aonhewitt.portal.configuration.modules.expr.model">
	<class name="JCalcTermConfig" table="JCALC_TERM" lazy="false" mutable="true">	
		<composite-id mapped="false" unsaved-value="undefined">
			<key-property name="nodeId" type="string" length="40">
				<column name="TERM_ID" sql-type="varchar(40)" />
			</key-property>
			<key-property column="LINEAGE" name="lineage" type="string" />
			<key-property column="BEG_DT" name="beginDate" type="date" />
		</composite-id>
		
		<!-- Configuration Manager Specific fields mapping -->
				
		<property column="REF_ID" generated="never" lazy="false" name="refId" />
		<property column="END_DT" generated="never" lazy="false" name="endDate" type="date" />
		<property column="OVRD_ACTN_CD" generated="never" lazy="false" name="ovrdActnCd" />
		<property column="DESC_TX" generated="never" lazy="false" name="desc" />
			
		<property column="TERM_NM" generated="never" lazy="false" name="termNm"/>
		<property column="TERM_CAST" generated="never" lazy="false" name="termCast"/>
		<property column="TERM_TYPE" generated="never" lazy="false" name="termType"/>
		<property column="TERM_Vl" generated="never" lazy="false" name="termVl"/>
		<property column="TERM_HANDLER" generated="never" lazy="false" name="termHandler"/>
		<property column="TERM_SCOPE" generated="never" lazy="false" name="termScope"/>
	  	<property column="REF_TERM_ID" generated="never" lazy="false" name="refTermId"/>
		<property column="SEQ_NO" generated="never" lazy="false" name="seqNo"/>
		
		<property name="termVrblNm" column="TERM_VRBL_NM" />
		<property name="termVrblType" column="TERM_VRBL_TYPE" />
		<property name="termVrblScope" column="TERM_VRBL_SCOPE" />
		<property name="termParentId" column="TERM_PARENT_ID" />

		<!-- Audit -->
		<property column="CRT_DT" name="createdDate" />
		<property column="CRT_BY" name="createdBy" />
		<property column="LST_UPD_BY" name="updatedBy" />
		<property column="LST_UPD_DT" name="updatedDate" />
		<property column="IS_OVRD" name="overrideable" />
		<property column="IS_NDS_MR_INFO" name="needsMoreInfo" />
	</class>
</hibernate-mapping>
