<?xml version="1.0" encoding="UTF-8"?>
<!DOCTYPE hibernate-mapping PUBLIC "-//Hibernate/Hibernate Mapping DTD 3.0//EN"
                                   "http://hibernate.sourceforge.net/hibernate-mapping-3.0.dtd">
<hibernate-mapping package="com.aonhewitt.portal.configuration.modules.expr.model">
 <class lazy="false" mutable="true" name="TermConfig" table="TERM_AUDIT" entity-name="TermConfigAudit" dynamic-insert="true"  polymorphism="explicit">
  <id name="auditNodeId" type="string">
	<column name="ADT_NODE_ID" length="40" />
	<generator class="assigned" />
  </id>
  <property name="nodeId" type="string" length="40">
    <column name="TERM_ID" sql-type="varchar(40)"/>
  </property>
  <property column="LINEAGE" name="lineage" type="string"/>
  <property column="BEG_DT" name="beginDate" type="date"/>
  <property column="REF_ID" generated="never" lazy="false" name="refId"/>
  <property column="END_DT" generated="never" lazy="false"
   name="endDate" type="date"/>
  <property column="OVRD_ACTN_CD" generated="never" lazy="false" name="ovrdActnCd"/>
  <property column="DESC_TX" generated="never" lazy="false" name="desc"/>
  <property column="TERM_CAST" generated="never" lazy="false" name="termCast"/>
  <property column="TERM_NM" generated="never" lazy="false" name="termNm"/>
  <property column="TERM_TYPE" generated="never" lazy="false" name="termType"/>
  <property column="TERM_Vl" generated="never" lazy="false" name="termVl"/>
  <property column="TERM_HANDLER" generated="never" lazy="false" name="termHandler"/>
  <property column="TERM_SCOPE" generated="never" lazy="false" name="termScope"/>
  <property column="TERM_REFEXP" generated="never" lazy="false" name="termRefExp"/>
  <property column="JCLC_XML" generated="never" lazy="false" name="jclcXml"/>
 </class>
</hibernate-mapping>
