<?xml version="1.0" encoding="UTF-8"?>
<!DOCTYPE hibernate-mapping PUBLIC
"-//Hibernate/Hibernate Mapping DTD 3.0//EN"
"http://hibernate.sourceforge.net/hibernate-mapping-3.0.dtd">

<hibernate-mapping package="com.aonhewitt.portal.configuration.modules.continuous.delivery.model">

	<class name="BaseTaggingRepoConfig" table="TOOL_TAGGING_REPO_AUDIT" entity-name="BaseTaggingRepoConfigAudit" dynamic-insert="true" lazy="false" mutable="true" polymorphism="explicit">
		<id name="auditNodeId" type="string">
			<column name="ADT_NODE_ID" length="40" />
			<generator class="assigned" />
	    </id>
		<property name="nodeId" type="string" length="40">
			<column name="TAG_ID" sql-type="varchar(40)"/>
		</property>
		<property name="tagNm" column="TAG_NAME" />
		<property name="releaseNm" column="RELEASE_NAME" />
		<!-- Audit -->
		<property column="CRT_DT" name="createdDate" />
		<property column="CRT_BY" name="createdBy" />
		<property column="LST_UPD_BY" name="updatedBy" />
		<property column="LST_UPD_DT" name="updatedDate" />
	</class>
</hibernate-mapping>