<?xml version="1.0" encoding="UTF-8"?>
<!DOCTYPE hibernate-mapping PUBLIC "-//Hibernate/Hibernate Mapping DTD 3.0//EN" "http://hibernate.sourceforge.net/hibernate-mapping-3.0.dtd">
<hibernate-mapping package="com.aonhewitt.portal.configuration.modules.continuous.delivery.model">
 <class lazy="false" mutable="true" name="BaseToolTagRepoConfig" table="TOOL_TAG_CNFG_AUDIT"  entity-name="BaseToolTagRepoConfigAudit" dynamic-insert="true" polymorphism="explicit">
	<id name="auditNodeId" type="string">
		<column name="ADT_NODE_ID" length="40" />
		<generator class="assigned" />
	</id>
	<property name="nodeId" type="string" length="40">
		<column name="TOOL_TAG_CNFG_ID" sql-type="varchar(40)"/>
	</property>
	<property name="toolNm" column="TOOL_NAME" />
	<property name="configId" column="CNFG_ID" />
	<property name="tagId" column="TAG_ID" />
	<property name="baseOrg" column="BASE_ORG" />
	<!-- Audit -->
	<property column="CRT_DT" name="createdDate" />
	<property column="CRT_BY" name="createdBy" />
	<property column="LST_UPD_BY" name="updatedBy" />
	<property column="LST_UPD_DT" name="updatedDate" />
 </class>
</hibernate-mapping>