<?xml version="1.0"?>
<!DOCTYPE hibernate-mapping PUBLIC "-//Hibernate/Hibernate Mapping DTD 3.0//EN"
"http://hibernate.sourceforge.net/hibernate-mapping-3.0.dtd">
<hibernate-mapping package="com.aonhewitt.portal.sitebrand.cm">
   <class name="BaseSiteTheme" table="SITE_THEME">
      <id name="nodeId" type="string">
         <column name="ID" length="40" />
         <generator class="assigned" />
      </id>
      <property name="themeName" type="string">
         <column name="THEME_NAME" length="255" not-null="true" />
      </property>
      <property name="themeStatus" type="string">
         <column name="THEME_STATUS" length="2" not-null="true" />
      </property>
      <property name="themeCtx" type="string">
         <column name="THEME_CTX" length="255" not-null="true" />
      </property>
      <!-- PT3840 -->
      <property name="defaultTheme">
		<column name="IS_DEFAULT" default="0"/>
	  </property>
      <property name="version" column="VRSN_NR" />
	  <!-- Audit -->
	  <property column="CRT_DT" name="createdDate" />
	  <property column="CRT_BY" name="createdBy" />
	  <property column="BEG_DT" name="beginDate" type="date" />
	  <property column="END_DT" name="endDate" type="date" />
	  <property column="LST_UPD_BY" name="updatedBy" />
	  <property column="LST_UPD_DT" name="updatedDate" />
      <map name="siteThemePalettesMap" inverse="true" lazy="false" fetch="subselect" cascade="all">
         <key column="SITE_THEME_ID" not-null="true" />
         <map-key column="ID" type="string" />
         <one-to-many class="SiteThemePalette" />
      </map>
      <map name="siteThemeComponentsMap" inverse="true" lazy="false" fetch="subselect" cascade="all">
         <key column="SITE_THEME_ID" not-null="true" />
         <map-key column="ID" type="string" />
         <one-to-many class="SiteThemeComponent" />
      </map>
	  <map name="siteThemeAdvancedComponentsMap" inverse="true" lazy="false" fetch="subselect" cascade="all">
         <key column="SITE_THEME_ID" not-null="true" />
         <map-key column="ID" type="string" />
         <one-to-many class="SiteThemeAdvancedComponent" />
      </map>
   </class>
   <class name="SiteThemePalette" table="SITE_THEME_PALETTE">
      <id name="nodeId" type="string">
         <column name="ID" length="40" />
         <generator class="assigned" />
      </id>
      <property name="variableName" type="string">
         <column name="VARIABLE_NAME" length="125" not-null="true" />
      </property>
      <property name="paletteName" type="string">
         <column name="PALETTE_NAME" length="125" not-null="true" />
      </property>
      <property name="paletteLabel" type="string">
         <column name="PALETTE_LABEL" length="125" not-null="true" />
      </property>
      <property name="colorName" type="string">
         <column name="COLOR_NAME" length="125" not-null="true" />
      </property>
      <property name="colorLabel" type="string">
         <column name="COLOR_LABEL" length="125" not-null="true" />
      </property>
      <property name="backColor" type="string">
         <column name="BG_COLOR" length="10" not-null="true" />
      </property>
      <property name="foreColor" type="string">
         <column name="FORE_COLOR" length="10" not-null="true" />
      </property>
      <property name="primaryCd" type="string">
         <column name="PRIMARY_CD" length="2" not-null="true" />
      </property>
      <many-to-one name="baseSiteTheme" class="BaseSiteTheme" fetch="select" lazy="false">
         <column name="SITE_THEME_ID" length="40" not-null="true" />
      </many-to-one>
   </class>
   <class name="SiteThemeComponent" table="SITE_THEME_COMPONENT">
      <id name="nodeId" type="string">
         <column name="ID" length="40" />
         <generator class="assigned" />
      </id>
      <property name="compName" type="string">
         <column name="COMP_NAME" length="125" not-null="true" />
      </property>
      <property name="compCategory" type="string">
         <column name="COMP_CAT" length="125" not-null="true" />
      </property>
      <property name="attrName" type="string">
         <column name="ATTR_NAME" length="125" not-null="true" />
      </property>
      <property name="attrLabel" type="string">
         <column name="ATTR_LABEL" length="125" not-null="true" />
      </property>
      <property name="attrType" type="string">
         <column name="ATTR_TYPE" length="125" not-null="true" />
      </property>
      <property name="attrValue" type="string">
         <column name="ATTR_VALUE" length="125" not-null="true" />
      </property>
      <many-to-one name="baseSiteTheme" class="BaseSiteTheme" fetch="select" lazy="false">
         <column name="SITE_THEME_ID" length="40" not-null="true" />
      </many-to-one>
   </class>
   <class name="SiteThemeAdvancedComponent" table="SITE_THEME_ADVANCED_COMPONENT">
      <id name="nodeId" type="string">
         <column name="ID" length="40" />
         <generator class="assigned" />
      </id>
      <property name="compName" type="string">
         <column name="COMP_NAME" length="125" not-null="true" />
      </property>
      <property name="compCategory" type="string">
         <column name="COMP_CAT" length="125" not-null="true" />
      </property>
      <property name="attrName" type="string">
         <column name="ATTR_NAME" length="125" not-null="true" />
      </property>
      <property name="attrLabel" type="string">
         <column name="ATTR_LABEL" length="125" not-null="true" />
      </property>
      <property name="attrType" type="string">
         <column name="ATTR_TYPE" length="125" not-null="true" />
      </property>
      <property name="attrValue" type="text">
         <column name="ATTR_VALUE_CB" not-null="true" />
      </property>
      <many-to-one name="baseSiteTheme" class="BaseSiteTheme" fetch="select" lazy="false">
         <column name="SITE_THEME_ID" length="40" not-null="true" />
      </many-to-one>
   </class>
</hibernate-mapping>
