<?xml version="1.0" encoding="UTF-8"?>
<modules>
   <module id="SITE_BRAND" desc="Site Branding" baseAutoSubscribe="false">
      <!-- Query Names for loading Base Configuration -->
      <loader type="BASE" name="baseLoader">
         <query id="SiteTheme">from BaseSiteTheme</query>
      </loader>
      <!-- Query Names for loading Client Configuration -->
      <loader type="CLIENT" name="clientLoader">
         <query id="SiteTheme">from SiteTheme st where st.lineage=?</query>
      </loader>
      <resolver type="BASE" name="baseResolver" />
      <resolver type="CLIENT" name="clientResolver" />
      <relation>
         <parent id="SiteTheme" targetLvl="true" />
      </relation>
   </module>
</modules>
