custom medical,com.aonhewitt.portal.base.hm.handlerHMMedical2TileHandler::dependent,com.aonhewitt.portal.base.hm.handler.HmPlanUdpTileHandler::dependent@MDCL2
custom medical,com.aonhewitt.portal.base.hm.handler.HMMedical2TileHandler::option,com.aonhewitt.portal.base.hm.handler.HmPlanUdpTileHandler::option@MDCL2
custom medical,com.aonhewitt.portal.base.hm.handler.HMMedical2TileHandler::dpndonly,com.aonhewitt.portal.base.hm.handler.HmPlanUdpTileHandler::dpndonly@MDCL2
custom medical,com.aonhewitt.portal.base.hm.handler.HMMedical2TileHandler::planname,com.aonhewitt.portal.base.hm.handler.HmPlanUdpTileHandler::planname@MDCL2
custom medical,com.aonhewitt.portal.base.hm.handler.HMPre65TileHandler::dependent,com.aonhewitt.portal.base.hm.handler.HmPlanUdpTileHandler::dependent@PRE65
custom medical,com.aonhewitt.portal.base.hm.handler.HMPre65TileHandler::option,com.aonhewitt.portal.base.hm.handler.HmPlanUdpTileHandler::option@PRE65
custom medical,com.aonhewitt.portal.base.hm.handler.HMPre65TileHandler::dpndonly,com.aonhewitt.portal.base.hm.handler.HmPlanUdpTileHandler::dpndonly@PRE65
custom medical,com.aonhewitt.portal.base.hm.handler.HMPre65TileHandler::planname,com.aonhewitt.portal.base.hm.handler.HmPlanUdpTileHandler::planname@PRE65
custom medicare,com.aonhewitt.portal.base.hm.handler.HMMedicare2TileHandler::dependent,com.aonhewitt.portal.base.hm.handler.HmPlanUdpTileHandler::dependent@MDCL-MDCR2
custom medicare,com.aonhewitt.portal.base.hm.handler.HMMedicare2TileHandler::option,com.aonhewitt.portal.base.hm.handler.HmPlanUdpTileHandler::option@MDCL-MDCR2
custom medicare,com.aonhewitt.portal.base.hm.handler.HMMedicare2TileHandler::dpndonly,com.aonhewitt.portal.base.hm.handler.HmPlanUdpTileHandler::dpndonly@MDCL-MDCR2
custom medicare,com.aonhewitt.portal.base.hm.handler.HMMedicare2TileHandler::planname,com.aonhewitt.portal.base.hm.handler.HmPlanUdpTileHandler::planname@MDCL-MDCR2
custom dental,com.aonhewitt.portal.base.hm.handler.HMDental2TileHandler::dependent,com.aonhewitt.portal.base.hm.handler.HmPlanUdpTileHandler::dependent@DNTL2
custom dental,com.aonhewitt.portal.base.hm.handler.HMDental2TileHandler::option,com.aonhewitt.portal.base.hm.handler.HmPlanUdpTileHandler::option@DNTL2
custom dental,com.aonhewitt.portal.base.hm.handler.HMDental2TileHandler::dpndonly,com.aonhewitt.portal.base.hm.handler.HmPlanUdpTileHandler::dpndonly@DNTL
custom dental,com.aonhewitt.portal.base.hm.handler.HMDental2TileHandler::planname,com.aonhewitt.portal.base.hm.handler.HmPlanUdpTileHandler::planname@DNTL2
custom vision,com.aonhewitt.portal.base.hm.handler.HMVision2TileHandler::dependent,com.aonhewitt.portal.base.hm.handler.HmPlanUdpTileHandler::dependent@VSN2
custom vision,com.aonhewitt.portal.base.hm.handler.HMVision2TileHandler::option,com.aonhewitt.portal.base.hm.handler.HmPlanUdpTileHandler::option@VSN2
custom vision,com.aonhewitt.portal.base.hm.handler.HMVision2TileHandler::dpndonly,com.aonhewitt.portal.base.hm.handler.HmPlanUdpTileHandler::dpndonly@VSN2
custom vision,com.aonhewitt.portal.base.hm.handler.HMVision2TileHandler::planname,com.aonhewitt.portal.base.hm.handler.HmPlanUdpTileHandler::planname@VSN2
custom Rx,com.aonhewitt.portal.base.hm.handler.HMMedicalRxTileHandler::dependent,com.aonhewitt.portal.base.hm.handler.HmRxPlanUdpTileHandler::dependent@MDCL
custom Rx,com.aonhewitt.portal.base.hm.handler.HMMedicalRxTileHandler::option,com.aonhewitt.portal.base.hm.handler.HmRxPlanUdpTileHandler::option@MDCL
custom Rx,com.aonhewitt.portal.base.hm.handler.HMMedicalRxTileHandler::dpndonly,com.aonhewitt.portal.base.hm.handler.HmRxPlanUdpTileHandler::dpndonly@MDCL
custom Rx,com.aonhewitt.portal.base.hm.handler.HMMedicalRxTileHandler::planname,com.aonhewitt.portal.base.hm.handler.HmRxPlanUdpTileHandler::planname@MDCL
DC_RETIREMENT_BALANCE_PLAN_1_TILE,com.aonhewitt.portal.base.rtrm.handler.dc.DcRetirementBalancePlanIdTileHandler::1,com.aonhewitt.portal.base.rtrm.handler.dc.udp.DcRetirementBalancePlanIdUDPTileHandler::1
DC_RETIREMENT_BALANCE_PLAN_2_TILE,com.aonhewitt.portal.base.rtrm.handler.dc.DcRetirementBalancePlanIdTileHandler::2,com.aonhewitt.portal.base.rtrm.handler.dc.udp.DcRetirementBalancePlanIdUDPTileHandler::2
DC_RETIREMENT_BALANCE_PLAN_3_TILE,com.aonhewitt.portal.base.rtrm.handler.dc.DcRetirementBalancePlanIdTileHandler::3,com.aonhewitt.portal.base.rtrm.handler.dc.udp.DcRetirementBalancePlanIdUDPTileHandler::3
DC_RETIREMENT_BALANCE_PLAN_4_TILE,com.aonhewitt.portal.base.rtrm.handler.dc.DcRetirementBalancePlanIdTileHandler::4,com.aonhewitt.portal.base.rtrm.handler.dc.udp.DcRetirementBalancePlanIdUDPTileHandler::4
DC_RETIREMENT_BALANCE_PLAN_5_TILE,com.aonhewitt.portal.base.rtrm.handler.dc.DcRetirementBalancePlanIdTileHandler::5,com.aonhewitt.portal.base.rtrm.handler.dc.udp.DcRetirementBalancePlanIdUDPTileHandler::5
DC_RETIREMENT_BALANCE_PLAN_6_TILE,com.aonhewitt.portal.base.rtrm.handler.dc.DcRetirementBalancePlanIdTileHandler::6,com.aonhewitt.portal.base.rtrm.handler.dc.udp.DcRetirementBalancePlanIdUDPTileHandler::6
DC_RETIREMENT_BALANCE_PLAN_7_TILE,com.aonhewitt.portal.base.rtrm.handler.dc.DcRetirementBalancePlanIdTileHandler::7,com.aonhewitt.portal.base.rtrm.handler.dc.udp.DcRetirementBalancePlanIdUDPTileHandler::7
DC_RETIREMENT_BALANCE_PLAN_8_TILE,com.aonhewitt.portal.base.rtrm.handler.dc.DcRetirementBalancePlanIdTileHandler::8,com.aonhewitt.portal.base.rtrm.handler.dc.udp.DcRetirementBalancePlanIdUDPTileHandler::8
DC_RETIREMENT_BALANCE_PLAN_9_TILE,com.aonhewitt.portal.base.rtrm.handler.dc.DcRetirementBalancePlanIdTileHandler::9,com.aonhewitt.portal.base.rtrm.handler.dc.udp.DcRetirementBalancePlanIdUDPTileHandler::9
DC_RETIREMENT_BALANCE_PLAN_10_TILE,com.aonhewitt.portal.base.rtrm.handler.dc.DcRetirementBalancePlanIdTileHandler::10,com.aonhewitt.portal.base.rtrm.handler.dc.udp.DcRetirementBalancePlanIdUDPTileHandler::10
DC_RETIREMENT_BALANCE_PLAN_1_TILE,com.aonhewitt.portal.base.rtrm.handler.dc.DcRetirementPlanNameTileHandler::1,com.aonhewitt.portal.base.rtrm.handler.dc.udp.DcRetirementPlanNameUDPTileHandler::1
DC_RETIREMENT_BALANCE_PLAN_2_TILE,com.aonhewitt.portal.base.rtrm.handler.dc.DcRetirementPlanNameTileHandler::2,com.aonhewitt.portal.base.rtrm.handler.dc.udp.DcRetirementPlanNameUDPTileHandler::2
DC_RETIREMENT_BALANCE_PLAN_3_TILE,com.aonhewitt.portal.base.rtrm.handler.dc.DcRetirementPlanNameTileHandler::3,com.aonhewitt.portal.base.rtrm.handler.dc.udp.DcRetirementPlanNameUDPTileHandler::3
DC_RETIREMENT_BALANCE_PLAN_4_TILE,com.aonhewitt.portal.base.rtrm.handler.dc.DcRetirementPlanNameTileHandler::4,com.aonhewitt.portal.base.rtrm.handler.dc.udp.DcRetirementPlanNameUDPTileHandler::4
DC_RETIREMENT_BALANCE_PLAN_5_TILE,com.aonhewitt.portal.base.rtrm.handler.dc.DcRetirementPlanNameTileHandler::5,com.aonhewitt.portal.base.rtrm.handler.dc.udp.DcRetirementPlanNameUDPTileHandler::5
DC_RETIREMENT_BALANCE_PLAN_6_TILE,com.aonhewitt.portal.base.rtrm.handler.dc.DcRetirementPlanNameTileHandler::6,com.aonhewitt.portal.base.rtrm.handler.dc.udp.DcRetirementPlanNameUDPTileHandler::6
DC_RETIREMENT_BALANCE_PLAN_7_TILE,com.aonhewitt.portal.base.rtrm.handler.dc.DcRetirementPlanNameTileHandler::7,com.aonhewitt.portal.base.rtrm.handler.dc.udp.DcRetirementPlanNameUDPTileHandler::7
DC_RETIREMENT_BALANCE_PLAN_8_TILE,com.aonhewitt.portal.base.rtrm.handler.dc.DcRetirementPlanNameTileHandler::8,com.aonhewitt.portal.base.rtrm.handler.dc.udp.DcRetirementPlanNameUDPTileHandler::8
DC_RETIREMENT_BALANCE_PLAN_9_TILE,com.aonhewitt.portal.base.rtrm.handler.dc.DcRetirementPlanNameTileHandler::9,com.aonhewitt.portal.base.rtrm.handler.dc.udp.DcRetirementPlanNameUDPTileHandler::9
DC_RETIREMENT_BALANCE_PLAN_10_TILE,com.aonhewitt.portal.base.rtrm.handler.dc.DcRetirementPlanNameTileHandler::10,com.aonhewitt.portal.base.rtrm.handler.dc.udp.DcRetirementPlanNameUDPTileHandler::10
DC_RETIREMENT_BALANCE_PLAN_0_TILE,com.aonhewitt.portal.base.rtrm.handler.dc.DcRetirementBalanceTileHandler::0,com.aonhewitt.portal.base.rtrm.handler.dc.udp.DcRetirementBalanceUDPTileHandler::0
DC_RETIREMENT_BALANCE_PLAN_1_TILE,com.aonhewitt.portal.base.rtrm.handler.dc.DcRetirementBalanceTileHandler::1,com.aonhewitt.portal.base.rtrm.handler.dc.udp.DcRetirementBalanceUDPTileHandler::1
DC_RETIREMENT_BALANCE_PLAN_2_TILE,com.aonhewitt.portal.base.rtrm.handler.dc.DcRetirementBalanceTileHandler::2,com.aonhewitt.portal.base.rtrm.handler.dc.udp.DcRetirementBalanceUDPTileHandler::2
DC_RETIREMENT_BALANCE_PLAN_3_TILE,com.aonhewitt.portal.base.rtrm.handler.dc.DcRetirementBalanceTileHandler::3,com.aonhewitt.portal.base.rtrm.handler.dc.udp.DcRetirementBalanceUDPTileHandler::3
DC_RETIREMENT_BALANCE_PLAN_4_TILE,com.aonhewitt.portal.base.rtrm.handler.dc.DcRetirementBalanceTileHandler::4,com.aonhewitt.portal.base.rtrm.handler.dc.udp.DcRetirementBalanceUDPTileHandler::4
DC_RETIREMENT_BALANCE_PLAN_5_TILE,com.aonhewitt.portal.base.rtrm.handler.dc.DcRetirementBalanceTileHandler::5,com.aonhewitt.portal.base.rtrm.handler.dc.udp.DcRetirementBalanceUDPTileHandler::5
DC_RETIREMENT_BALANCE_PLAN_6_TILE,com.aonhewitt.portal.base.rtrm.handler.dc.DcRetirementBalanceTileHandler::6,com.aonhewitt.portal.base.rtrm.handler.dc.udp.DcRetirementBalanceUDPTileHandler::6
DC_RETIREMENT_BALANCE_PLAN_7_TILE,com.aonhewitt.portal.base.rtrm.handler.dc.DcRetirementBalanceTileHandler::7,com.aonhewitt.portal.base.rtrm.handler.dc.udp.DcRetirementBalanceUDPTileHandler::7
DC_RETIREMENT_BALANCE_PLAN_8_TILE,com.aonhewitt.portal.base.rtrm.handler.dc.DcRetirementBalanceTileHandler::8,com.aonhewitt.portal.base.rtrm.handler.dc.udp.DcRetirementBalanceUDPTileHandler::8
DC_RETIREMENT_BALANCE_PLAN_9_TILE,com.aonhewitt.portal.base.rtrm.handler.dc.DcRetirementBalanceTileHandler::9,com.aonhewitt.portal.base.rtrm.handler.dc.udp.DcRetirementBalanceUDPTileHandler::9
DC_RETIREMENT_BALANCE_PLAN_10_TILE,com.aonhewitt.portal.base.rtrm.handler.dc.DcRetirementBalanceTileHandler::10,com.aonhewitt.portal.base.rtrm.handler.dc.udp.DcRetirementBalanceUDPTileHandler::10
DC_RETIREMENT_BALANCE_PLAN_1_TILE,com.aonhewitt.portal.base.rtrm.handler.dc.DcRetirementRorTileHandler::1,com.aonhewitt.portal.base.rtrm.handler.dc.udp.DcRetirementRorUDPTileHandler::1
DC_RETIREMENT_BALANCE_PLAN_2_TILE,com.aonhewitt.portal.base.rtrm.handler.dc.DcRetirementRorTileHandler::2,com.aonhewitt.portal.base.rtrm.handler.dc.udp.DcRetirementRorUDPTileHandler::2
DC_RETIREMENT_BALANCE_PLAN_3_TILE,com.aonhewitt.portal.base.rtrm.handler.dc.DcRetirementRorTileHandler::3,com.aonhewitt.portal.base.rtrm.handler.dc.udp.DcRetirementRorUDPTileHandler::3
DC_RETIREMENT_BALANCE_PLAN_4_TILE,com.aonhewitt.portal.base.rtrm.handler.dc.DcRetirementRorTileHandler::4,com.aonhewitt.portal.base.rtrm.handler.dc.udp.DcRetirementRorUDPTileHandler::4
DC_RETIREMENT_BALANCE_PLAN_5_TILE,com.aonhewitt.portal.base.rtrm.handler.dc.DcRetirementRorTileHandler::5,com.aonhewitt.portal.base.rtrm.handler.dc.udp.DcRetirementRorUDPTileHandler::5
DC_RETIREMENT_BALANCE_PLAN_6_TILE,com.aonhewitt.portal.base.rtrm.handler.dc.DcRetirementRorTileHandler::6,com.aonhewitt.portal.base.rtrm.handler.dc.udp.DcRetirementRorUDPTileHandler::6
DC_RETIREMENT_BALANCE_PLAN_7_TILE,com.aonhewitt.portal.base.rtrm.handler.dc.DcRetirementRorTileHandler::7,com.aonhewitt.portal.base.rtrm.handler.dc.udp.DcRetirementRorUDPTileHandler::7
DC_RETIREMENT_BALANCE_PLAN_8_TILE,com.aonhewitt.portal.base.rtrm.handler.dc.DcRetirementRorTileHandler::8,com.aonhewitt.portal.base.rtrm.handler.dc.udp.DcRetirementRorUDPTileHandler::8
DC_RETIREMENT_BALANCE_PLAN_9_TILE,com.aonhewitt.portal.base.rtrm.handler.dc.DcRetirementRorTileHandler::9,com.aonhewitt.portal.base.rtrm.handler.dc.udp.DcRetirementRorUDPTileHandler::9
DC_RETIREMENT_BALANCE_PLAN_10_TILE,com.aonhewitt.portal.base.rtrm.handler.dc.DcRetirementRorTileHandler::10,com.aonhewitt.portal.base.rtrm.handler.dc.udp.DcRetirementRorUDPTileHandler::10
DB_CLIENT_ACRD_BNFT_1_TILE,com.aonhewitt.portal.base.rtrm.handler.db.tiles.DbMonthlyAnnuityPlanAcrdBnftTileHandler::1,com.aonhewitt.portal.base.rtrm.handler.db.tiles.udp.DbMonthlyAnnuityPlanAcrdBnftUDPTileHandler::1
DB_CLIENT_ACRD_BNFT_2_TILE,com.aonhewitt.portal.base.rtrm.handler.db.tiles.DbMonthlyAnnuityPlanAcrdBnftTileHandler::2,com.aonhewitt.portal.base.rtrm.handler.db.tiles.udp.DbMonthlyAnnuityPlanAcrdBnftUDPTileHandler::2
DB_CLIENT_ACRD_BNFT_3_TILE,com.aonhewitt.portal.base.rtrm.handler.db.tiles.DbMonthlyAnnuityPlanAcrdBnftTileHandler::3,com.aonhewitt.portal.base.rtrm.handler.db.tiles.udp.DbMonthlyAnnuityPlanAcrdBnftUDPTileHandler::3
DB_CLIENT_ACRD_BNFT_4_TILE,com.aonhewitt.portal.base.rtrm.handler.db.tiles.DbMonthlyAnnuityPlanAcrdBnftTileHandler::4,com.aonhewitt.portal.base.rtrm.handler.db.tiles.udp.DbMonthlyAnnuityPlanAcrdBnftUDPTileHandler::4
DB_CLIENT_ACRD_BNFT_5_TILE,com.aonhewitt.portal.base.rtrm.handler.db.tiles.DbMonthlyAnnuityPlanAcrdBnftTileHandler::5,com.aonhewitt.portal.base.rtrm.handler.db.tiles.udp.DbMonthlyAnnuityPlanAcrdBnftUDPTileHandler::5
DB_CLIENT_PLAN_PMT_1_TILE,com.aonhewitt.portal.base.rtrm.handler.db.tiles.DbMonthlyAnnuityPlanPmtTileHandler::1,com.aonhewitt.portal.base.rtrm.handler.db.tiles.udp.DbMonthlyAnnuityPlanPmtUDPTileHandler::1
DB_CLIENT_PLAN_PMT_2_TILE,com.aonhewitt.portal.base.rtrm.handler.db.tiles.DbMonthlyAnnuityPlanPmtTileHandler::2,com.aonhewitt.portal.base.rtrm.handler.db.tiles.udp.DbMonthlyAnnuityPlanPmtUDPTileHandler::2
DB_CLIENT_PLAN_PMT_3_TILE,com.aonhewitt.portal.base.rtrm.handler.db.tiles.DbMonthlyAnnuityPlanPmtTileHandler::3,com.aonhewitt.portal.base.rtrm.handler.db.tiles.udp.DbMonthlyAnnuityPlanPmtUDPTileHandler::3
DB_CLIENT_PLAN_PMT_4_TILE,com.aonhewitt.portal.base.rtrm.handler.db.tiles.DbMonthlyAnnuityPlanPmtTileHandler::4,com.aonhewitt.portal.base.rtrm.handler.db.tiles.udp.DbMonthlyAnnuityPlanPmtUDPTileHandler::4
DB_CLIENT_PLAN_PMT_5_TILE,com.aonhewitt.portal.base.rtrm.handler.db.tiles.DbMonthlyAnnuityPlanPmtTileHandler::5,com.aonhewitt.portal.base.rtrm.handler.db.tiles.udp.DbMonthlyAnnuityPlanPmtUDPTileHandler::5
DB_CLIENT_PLAN_NAME_1_TILE,com.aonhewitt.portal.base.rtrm.handler.db.tiles.DbMonthlyAnnuityPlanNameTileHandler::1,com.aonhewitt.portal.base.rtrm.handler.db.tiles.udp.DbMonthlyAnnuityPlanNameUDPTileHandler::1
DB_CLIENT_PLAN_NAME_2_TILE,com.aonhewitt.portal.base.rtrm.handler.db.tiles.DbMonthlyAnnuityPlanNameTileHandler::2,com.aonhewitt.portal.base.rtrm.handler.db.tiles.udp.DbMonthlyAnnuityPlanNameUDPTileHandler::2
DB_CLIENT_PLAN_NAME_3_TILE,com.aonhewitt.portal.base.rtrm.handler.db.tiles.DbMonthlyAnnuityPlanNameTileHandler::3,com.aonhewitt.portal.base.rtrm.handler.db.tiles.udp.DbMonthlyAnnuityPlanNameUDPTileHandler::3
DB_CLIENT_PLAN_NAME_4_TILE,com.aonhewitt.portal.base.rtrm.handler.db.tiles.DbMonthlyAnnuityPlanNameTileHandler::4,com.aonhewitt.portal.base.rtrm.handler.db.tiles.udp.DbMonthlyAnnuityPlanNameUDPTileHandler::4
DB_CLIENT_PLAN_NAME_5_TILE,com.aonhewitt.portal.base.rtrm.handler.db.tiles.DbMonthlyAnnuityPlanNameTileHandler::5,com.aonhewitt.portal.base.rtrm.handler.db.tiles.udp.DbMonthlyAnnuityPlanNameUDPTileHandler::5
DB_RETIREMENT_BALANCE_TILE,com.aonhewitt.portal.base.rtrm.handler.db.tiles.DbRetirementBalanceTileHandler,com.aonhewitt.portal.base.rtrm.handler.db.tiles.udp.DbRetirementBalanceUDPTileHandler
DB_QLFD_RETIREMENT_BALANCE,com.aonhewitt.portal.base.rtrm.handler.db.tiles.DbRetirementBalanceTileHandler::DbQlfyHardBal,com.aonhewitt.portal.base.rtrm.handler.db.tiles.udp.DbRetirementBalanceUDPTileHandler::DbQlfyHardBal
DB_NONQLFD_RETIREMENT_BALANCE,com.aonhewitt.portal.base.rtrm.handler.db.tiles.DbRetirementBalanceTileHandler::DbNqlfyHardBal,com.aonhewitt.portal.base.rtrm.handler.db.tiles.udp.DbRetirementBalanceUDPTileHandler::DbNqlfyHardBal