<?xml version="1.0" encoding="UTF-8"?>
<!DOCTYPE hibernate-mapping PUBLIC
"-//Hibernate/Hibernate Mapping DTD 3.0//EN"
"http://hibernate.sourceforge.net/hibernate-mapping-3.0.dtd">

<hibernate-mapping
	package="com.aonhewitt.portal.configuration.modules.pgwrkflow.model">
	<class name="BasePageWorkFlowConfig" table="BASE_PG_LVL_WFL" lazy="false" mutable="true">		 
		<id column="PG_FLW_ID" length="40" name="nodeId" type="java.lang.String" >
                <generator class="assigned"/>
         </id>
        <property name="desc" column="PG_FL_DESC_TX" />
        <property name="pgFlwURL" column="PG_FLW_URL" />
	    <property name="pgFlwClass" column="PG_FLW_CLASS"/>
	    <property name="pgFlwActn" column="PG_FLW_ACTN"/>
        <property name="beginDate" column="BEG_DT" type="date"/>
        <property name="endDate" type="date" column="END_DT"/>
        <property name="version" column="VRSN_NR"/>
	  					<!-- Audit -->
		<property column="CRT_DT" name="createdDate" />
		<property column="CRT_BY" name="createdBy" />
		<property column="LST_UPD_BY" name="updatedBy" />
		<property column="LST_UPD_DT" name="updatedDate" />
	</class>
</hibernate-mapping>