<?xml version="1.0" encoding="UTF-8"?>
<!DOCTYPE hibernate-mapping PUBLIC
"-//Hibernate/Hibernate Mapping DTD 3.0//EN"
"http://hibernate.sourceforge.net/hibernate-mapping-3.0.dtd">

<hibernate-mapping package="com.aonhewitt.portal.configuration.modules.pgwrkflow.model">
    <class name="PageWorkFlowConfig" table="PG_LVL_WFL" lazy="false" mutable="true">  
		<composite-id>
			<key-property name="nodeId" type="string" column="PG_FLW_ID" />	
			<key-property column="LINEAGE" name="lineage" type="string"/>	
			<key-property column="BEG_DT" name="beginDate" type="date"/>
		  </composite-id>   
        <property name="desc" column="PG_FL_DESC_TX" />
	    <property name="endDate" column="END_DT" type="date"/>
        <property name="refId" column="REF_ID" generated="never" lazy="false"/>
  	    <property name="ovrdActnCd" column="OVRD_ACTN_CD" generated="never" lazy="false"/>
  	    <property name="pgFlwURL" column="PG_FLW_URL" />
	    <property name="pgFlwClass" column="PG_FLW_CLASS"/>
	    <property name="pgFlwActn" column="PG_FLW_ACTN"/>
  	  					<!-- Audit -->
		<property column="CRT_DT" name="createdDate" />
		<property column="CRT_BY" name="createdBy" />
		<property column="LST_UPD_BY" name="updatedBy" />
		<property column="LST_UPD_DT" name="updatedDate" />
    </class>
</hibernate-mapping>
