<?xml version="1.0"?>
<!-- Entry for all modules go here -->
<modules>
	<!-- baseVirtualSubscribe="true"  -->
	<module id="CORE_PAGE_WORK_FLOW" desc="Page Work Flow" baseAutoSubscribe="true">			
		<!-- Query Names for loading Base Provisions -->
		<loader type="BASE" name="baseLoader">
			<query id="PGWKFLW">from BasePageWorkFlowConfig</query>				
		</loader>		
		<loader type="CLIENT" name="clientLoader">
			<query id="PGWKFLW">from PageWorkFlowConfig pgflcnfg where pgflcnfg.lineage=?</query>				
		</loader>
		<resolver type="BASE" name="baseResolver" />
		<resolver type="CLIENT" name="clientResolver" />		
		<relation>
			<parent id="PGWKFLW" targetLvl="true"/>
		</relation>
	</module>
</modules>