null,hmInsurancePre65,com.aonhewitt.portal.base.hm.handler.HMInsurancePre65ExpressionHandler,planId,hmPlanUdp,com.aonhewitt.portal.base.hm.handler.HmPlanUdpExpressionHandler,getHealthPlan('PRE65').planId
null,hmInsurancePre65,com.aonhewitt.portal.base.hm.handler.HMInsurancePre65ExpressionHandler,planBrandCode,hmPlanUdp,com.aonhewitt.portal.base.hm.handler.HmPlanUdpExpressionHandler,getHealthPlan('PRE65').planBrandCode
null,hmInsurancePre65,com.aonhewitt.portal.base.hm.handler.HMInsurancePre65ExpressionHandler,planName,hmPlanUdp,com.aonhewitt.portal.base.hm.handler.HmPlanUdpExpressionHandler,getHealthPlan('PRE65').planName
null,hmInsurancePre65,com.aonhewitt.portal.base.hm.handler.HMInsurancePre65ExpressionHandler,optionName,hmPlanUdp,com.aonhewitt.portal.base.hm.handler.HmPlanUdpExpressionHandler,getHealthPlan('PRE65').optionName
null,hmInsurancePre65,com.aonhewitt.portal.base.hm.handler.HMInsurancePre65ExpressionHandler,dependentDescription,hmPlanUdp,com.aonhewitt.portal.base.hm.handler.HmPlanUdpExpressionHandler,getHealthPlan('PRE65').dependentDescription
null,hmInsurancePre65,com.aonhewitt.portal.base.hm.handler.HMInsurancePre65ExpressionHandler,showLink,hmPlanUdp,com.aonhewitt.portal.base.hm.handler.HmPlanUdpExpressionHandler,getHealthPlan('PRE65').showLink
null,hmInsurancePre65,com.aonhewitt.portal.base.hm.handler.HMInsurancePre65ExpressionHandler,showParticipant,hmPlanUdp,com.aonhewitt.portal.base.hm.handler.HmPlanUdpExpressionHandler,getHealthPlan('PRE65').showParticipant
null,hmInsuranceMedical2,com.aonhewitt.portal.base.hm.handler.HMInsuranceMedical2ExpressionHandler,showLink,hmPlanUdp,com.aonhewitt.portal.base.hm.handler.HmPlanUdpExpressionHandler,getHealthPlan('MDCL2').showLink
null,hmInsuranceMedical2,com.aonhewitt.portal.base.hm.handler.HMInsuranceMedical2ExpressionHandler,planBrandCode,hmPlanUdp,com.aonhewitt.portal.base.hm.handler.HmPlanUdpExpressionHandler,getHealthPlan('MDCL2').planBrandCode
null,hmInsuranceMedical2,com.aonhewitt.portal.base.hm.handler.HMInsuranceMedical2ExpressionHandler,planName,hmPlanUdp,com.aonhewitt.portal.base.hm.handler.HmPlanUdpExpressionHandler,getHealthPlan('MDCL2').planName
null,hmInsuranceMedical2,com.aonhewitt.portal.base.hm.handler.HMInsuranceMedical2ExpressionHandler,planId,hmPlanUdp,com.aonhewitt.portal.base.hm.handler.HmPlanUdpExpressionHandler,getHealthPlan('MDCL2').planId
null,hmInsuranceMedical2,com.aonhewitt.portal.base.hm.handler.HMInsuranceMedical2ExpressionHandler,optionName,hmPlanUdp,com.aonhewitt.portal.base.hm.handler.HmPlanUdpExpressionHandler,getHealthPlan('MDCL2').optionName
null,hmInsuranceMedical2,com.aonhewitt.portal.base.hm.handler.HMInsuranceMedical2ExpressionHandler,dependentDescription,hmPlanUdp,com.aonhewitt.portal.base.hm.handler.HmPlanUdpExpressionHandler,getHealthPlan('MDCL2').dependentDescription
null,hmInsuranceMedical2,com.aonhewitt.portal.base.hm.handler.HMInsuranceMedical2ExpressionHandler,showParticipant,hmPlanUdp,com.aonhewitt.portal.base.hm.handler.HmPlanUdpExpressionHandler,getHealthPlan('MDCL2').showParticipant
null,hmInsuranceMedicare2,com.aonhewitt.portal.base.hm.handler.HMInsuranceMedicare2ExpressionHandler,showLink,hmPlanUdp,com.aonhewitt.portal.base.hm.handler.HmPlanUdpExpressionHandler,getHealthPlan('MDCL-MDCR2').showLink
null,hmInsuranceMedicare2,com.aonhewitt.portal.base.hm.handler.HMInsuranceMedicare2ExpressionHandler,planBrandCode,hmPlanUdp,com.aonhewitt.portal.base.hm.handler.HmPlanUdpExpressionHandler,getHealthPlan('MDCL-MDCR2').planBrandCode
null,hmInsuranceMedicare2,com.aonhewitt.portal.base.hm.handler.HMInsuranceMedicare2ExpressionHandler,planName,hmPlanUdp,com.aonhewitt.portal.base.hm.handler.HmPlanUdpExpressionHandler,getHealthPlan('MDCL-MDCR2').planName
null,hmInsuranceMedicare2,com.aonhewitt.portal.base.hm.handler.HMInsuranceMedicare2ExpressionHandler,planId,hmPlanUdp,com.aonhewitt.portal.base.hm.handler.HmPlanUdpExpressionHandler,getHealthPlan('MDCL-MDCR2').planId
null,hmInsuranceMedicare2,com.aonhewitt.portal.base.hm.handler.HMInsuranceMedicare2ExpressionHandler,optionName,hmPlanUdp,com.aonhewitt.portal.base.hm.handler.HmPlanUdpExpressionHandler,getHealthPlan('MDCL-MDCR2').optionName
null,hmInsuranceMedicare2,com.aonhewitt.portal.base.hm.handler.HMInsuranceMedicare2ExpressionHandler,dependentDescription,hmPlanUdp,com.aonhewitt.portal.base.hm.handler.HmPlanUdpExpressionHandler,getHealthPlan('MDCL-MDCR2').dependentDescription
null,hmInsuranceMedicare2,com.aonhewitt.portal.base.hm.handler.HMInsuranceMedicare2ExpressionHandler,showParticipant,hmPlanUdp,com.aonhewitt.portal.base.hm.handler.HmPlanUdpExpressionHandler,getHealthPlan('MDCL-MDCR2').showParticipant
null,hmInsuranceDental2,com.aonhewitt.portal.base.hm.handler.HmInsuranceDental2ExpressionHandler,showLink,hmPlanUdp,com.aonhewitt.portal.base.hm.handler.HmPlanUdpExpressionHandler,getHealthPlan('DNTL2').showLink
null,hmInsuranceDental2,com.aonhewitt.portal.base.hm.handler.HmInsuranceDental2ExpressionHandler,planBrandCode,hmPlanUdp,com.aonhewitt.portal.base.hm.handler.HmPlanUdpExpressionHandler,getHealthPlan('DNTL2').planBrandCode
null,hmInsuranceDental2,com.aonhewitt.portal.base.hm.handler.HmInsuranceDental2ExpressionHandler,planName,hmPlanUdp,com.aonhewitt.portal.base.hm.handler.HmPlanUdpExpressionHandler,getHealthPlan('DNTL2').planName
null,hmInsuranceDental2,com.aonhewitt.portal.base.hm.handler.HmInsuranceDental2ExpressionHandler,planId,hmPlanUdp,com.aonhewitt.portal.base.hm.handler.HmPlanUdpExpressionHandler,getHealthPlan('DNTL2').planId
null,hmInsuranceDental2,com.aonhewitt.portal.base.hm.handler.HmInsuranceDental2ExpressionHandler,optionName,hmPlanUdp,com.aonhewitt.portal.base.hm.handler.HmPlanUdpExpressionHandler,getHealthPlan('DNTL2').optionName
null,hmInsuranceDental2,com.aonhewitt.portal.base.hm.handler.HmInsuranceDental2ExpressionHandler,dependentDescription,hmPlanUdp,com.aonhewitt.portal.base.hm.handler.HmPlanUdpExpressionHandler,getHealthPlan('DNTL2').dependentDescription
null,hmInsuranceDental2,com.aonhewitt.portal.base.hm.handler.HmInsuranceDental2ExpressionHandler,showParticipant,hmPlanUdp,com.aonhewitt.portal.base.hm.handler.HmPlanUdpExpressionHandler,getHealthPlan('DNTL2').showParticipant
null,hmInsuranceVision2,com.aonhewitt.portal.base.hm.handler.HmInsuranceVision2ExpressionHandler,showLink,hmPlanUdp,com.aonhewitt.portal.base.hm.handler.HmPlanUdpExpressionHandler,getHealthPlan('VSN2').showLink
null,hmInsuranceVision2,com.aonhewitt.portal.base.hm.handler.HmInsuranceVision2ExpressionHandler,planBrandCode,hmPlanUdp,com.aonhewitt.portal.base.hm.handler.HmPlanUdpExpressionHandler,getHealthPlan('VSN2').planBrandCode
null,hmInsuranceVision2,com.aonhewitt.portal.base.hm.handler.HmInsuranceVision2ExpressionHandler,planName,hmPlanUdp,com.aonhewitt.portal.base.hm.handler.HmPlanUdpExpressionHandler,getHealthPlan('VSN2').planName
null,hmInsuranceVision2,com.aonhewitt.portal.base.hm.handler.HmInsuranceVision2ExpressionHandler,planId,hmPlanUdp,com.aonhewitt.portal.base.hm.handler.HmPlanUdpExpressionHandler,getHealthPlan('VSN2').planId
null,hmInsuranceVision2,com.aonhewitt.portal.base.hm.handler.HmInsuranceVision2ExpressionHandler,optionName,hmPlanUdp,com.aonhewitt.portal.base.hm.handler.HmPlanUdpExpressionHandler,getHealthPlan('VSN2').optionName
null,hmInsuranceVision2,com.aonhewitt.portal.base.hm.handler.HmInsuranceVision2ExpressionHandler,dependentDescription,hmPlanUdp,com.aonhewitt.portal.base.hm.handler.HmPlanUdpExpressionHandler,getHealthPlan('VSN2').dependentDescription
null,hmInsuranceVision2,com.aonhewitt.portal.base.hm.handler.HmInsuranceVision2ExpressionHandler,showParticipant,hmPlanUdp,com.aonhewitt.portal.base.hm.handler.HmPlanUdpExpressionHandler,getHealthPlan('VSN2').showParticipant
null,DcRetirementBalanceExpressionHandler,com.aonhewitt.portal.base.rtrm.handler.dc.DcRetirementBalanceExpressionHandler,intValue(),DcRetirementBalanceExpressionHandler,com.aonhewitt.portal.base.rtrm.handler.dc.expressions.udp.DcRetirementBalanceUDPExpressionHandler,intValue()
