<?xml version="1.0" encoding="UTF-8"?>

<!DOCTYPE prprRoot SYSTEM "../../Hewitt/frameworks/properties/property.dtd">

    <prprRoot vrsn_ct="1" name="01931_portal" extends="runtime/portal/property.portal.r7.04.xml">

            <prpr name = "BLACKOUT_TEXT_FROM_PROPS" encryptionClass = "com.hewitt.cat.tba.properties.encrypter.NoOpPropertyEncrypter">
                <lcycl name="pu">
                        <prprvl bgdt="2000.01.01 00:00" endt="3000.01.01 00:00">FALSE</prprvl>
                </lcycl>
            </prpr>

            <prpr name = "HM_ENROLL_TARGET_END_POINT" encryptionClass = "com.hewitt.cat.tba.properties.encrypter.NoOpPropertyEncrypter">
                <lcycl name="tu">
                        <prprvl bgdt="2000.01.01 00:00" endt="3000.01.01 00:00">https://webservices.dv.alight.com/ProcessEngineWeb/services/PersonHMActivity</prprvl>
                </lcycl>
                <lcycl name="dv">
                        <prprvl bgdt="2000.01.01 00:00" endt="3000.01.01 00:00">https://webservices.dv.alight.com/ProcessEngineWeb/services/PersonHMActivity</prprvl>
                </lcycl>
            </prpr>

            <prpr name = "IS_IVA_ENABLED" encryptionClass = "com.hewitt.cat.tba.properties.encrypter.NoOpPropertyEncrypter">
                <lcycl name="pu">
                        <prprvl bgdt="2000.01.01 00:00" endt="3000.01.01 00:00">False</prprvl>
                </lcycl>
                <lcycl name="qc">
                        <prprvl bgdt="2000.01.01 00:00" endt="3000.01.01 00:00">False</prprvl>
                </lcycl>
                <lcycl name="qa">
                        <prprvl bgdt="2000.01.01 00:00" endt="3000.01.01 00:00">False</prprvl>
                </lcycl>
            </prpr>

            <prpr name = "IS_UDP_ENABLED_V2" encryptionClass = "com.hewitt.cat.tba.properties.encrypter.NoOpPropertyEncrypter">
                <lcycl name="pu">
                        <prprvl bgdt="2000.01.01 00:00" endt="3000.01.01 00:00">TRUE</prprvl>
                </lcycl>
                <lcycl name="qc">
                        <prprvl bgdt="2000.01.01 00:00" endt="3000.01.01 00:00">TRUE</prprvl>
                </lcycl>
            </prpr>

            <prpr name = "IS_UDP_YSA_ENABLED" encryptionClass = "com.hewitt.cat.tba.properties.encrypter.NoOpPropertyEncrypter">
                <lcycl name="pu">
                        <prprvl bgdt="2000.01.01 00:00" endt="3000.01.01 00:00">TRUE</prprvl>
                </lcycl>
                <lcycl name="qc">
                        <prprvl bgdt="2000.01.01 00:00" endt="3000.01.01 00:00">TRUE</prprvl>
                </lcycl>
                <lcycl name="qa">
                        <prprvl bgdt="2000.01.01 00:00" endt="3000.01.01 00:00">TRUE</prprvl>
                </lcycl>
            </prpr>

            <prpr name = "MAX_SESSION_CAP_LIMIT" encryptionClass = "com.hewitt.cat.tba.properties.encrypter.NoOpPropertyEncrypter">
                <lcycl name="pu">
                        <prprvl bgdt="2000.01.01 00:00" endt="3000.01.01 00:00">118</prprvl>
                </lcycl>
            </prpr>

            <prpr name = "PIT_DB_JNDI_NAME" encryptionClass = "com.hewitt.cat.tba.properties.encrypter.NoOpPropertyEncrypter">
                <lcycl name="pu">
                        <prprvl bgdt="2000.01.01 00:00" endt="3000.01.01 00:00">jdbc/pitc5</prprvl>
                </lcycl>
                <lcycl name="qc">
                        <prprvl bgdt="2000.01.01 00:00" endt="3000.01.01 00:00">jdbc/pitc5</prprvl>
                </lcycl>
                <lcycl name="qa">
                        <prprvl bgdt="2000.01.01 00:00" endt="3000.01.01 00:00">jdbc/pitc5</prprvl>
                </lcycl>
            </prpr>

            <prpr name = "PIT_DB_SCHEMA" encryptionClass = "com.hewitt.cat.tba.properties.encrypter.NoOpPropertyEncrypter">
                <lcycl name="pu">
                        <prprvl bgdt="2000.01.01 00:00" endt="3000.01.01 00:00">U01931</prprvl>
                </lcycl>
                <lcycl name="qc">
                        <prprvl bgdt="2000.01.01 00:00" endt="3000.01.01 00:00">U01931</prprvl>
                </lcycl>
                <lcycl name="qa">
                        <prprvl bgdt="2000.01.01 00:00" endt="3000.01.01 00:00">U01931</prprvl>
                </lcycl>
            </prpr>

            <prpr name = "PORTAL_BLACKOUT" encryptionClass = "com.hewitt.cat.tba.properties.encrypter.NoOpPropertyEncrypter">
                <lcycl name="pu">
                        <prprvl bgdt="2000.01.01 00:00" endt="2019.01.08 21:00">FALSE</prprvl>
                        <prprvl bgdt="2019.01.08 21:00" endt="2019.01.09 04:59">TRUE</prprvl>
                        <prprvl bgdt="2019.01.09 04:59" endt="3000.01.01 00:00">FALSE</prprvl>
                </lcycl>
            </prpr>

            <prpr name = "UCE_SCHEMA_NAME" encryptionClass = "com.hewitt.cat.tba.properties.encrypter.NoOpPropertyEncrypter">
                <lcycl name="pu">
                        <prprvl bgdt="2000.01.01 00:00" endt="3000.01.01 00:00">ucceClient7065</prprvl>
                </lcycl>
                <lcycl name="qc">
                        <prprvl bgdt="2000.01.01 00:00" endt="3000.01.01 00:00">ucceClient7065</prprvl>
                </lcycl>
                <lcycl name="qa">
                        <prprvl bgdt="2000.01.01 00:00" endt="3000.01.01 00:00">ucceClient7065</prprvl>
                </lcycl>
            </prpr>

            <prpr name = "VANITY_URL" encryptionClass = "com.hewitt.cat.tba.properties.encrypter.NoOpPropertyEncrypter">
                <lcycl name="pu">
                        <prprvl bgdt="2000.01.01 00:00" endt="3000.01.01 00:00">http://resources.hewitt.com/hp/</prprvl>
                </lcycl>
                <lcycl name="qc">
                        <prprvl bgdt="2000.01.01 00:00" endt="3000.01.01 00:00">http://resources1.hewitt.com/hp/</prprvl>
                </lcycl>
                <lcycl name="qa">
                        <prprvl bgdt="2000.01.01 00:00" endt="3000.01.01 00:00">http://test.resources.hewitt.com/qa/hp/</prprvl>
                </lcycl>
            </prpr>

            <prpr name = "WEB_ANALYTICS_UA_CLIENT_PROPERTY_ID" encryptionClass = "com.hewitt.cat.tba.properties.encrypter.NoOpPropertyEncrypter">
                <lcycl name="pu">
                        <prprvl bgdt="2000.01.01 00:00" endt="3000.01.01 00:00">UA-47327409-1</prprvl>
                </lcycl>
                <lcycl name="qc">
                        <prprvl bgdt="2000.01.01 00:00" endt="3000.01.01 00:00">UA-47327409-2</prprvl>
                </lcycl>
                <lcycl name="qa">
                        <prprvl bgdt="2000.01.01 00:00" endt="3000.01.01 00:00">UA-47327409-2</prprvl>
                </lcycl>
            </prpr>

            <prpr name = "YBR_CLIENT_PEDIGREE" encryptionClass = "com.hewitt.cat.tba.properties.encrypter.NoOpPropertyEncrypter">
                <lcycl name="qa">
                        <prprvl bgdt="2000.01.01 00:00" endt="3000.01.01 00:00">01931_ybr_ybrfndt</prprvl>
                </lcycl>
            </prpr>

            <prpr name = "YBR_STATIC_FILE_SERVER" encryptionClass = "com.hewitt.cat.tba.properties.encrypter.NoOpPropertyEncrypter">
                <lcycl name="qa">
                        <prprvl bgdt="2000.01.01 00:00" endt="3000.01.01 00:00">cache.hacontent.com/ybr/R516</prprvl>
                </lcycl>
            </prpr>
    </prprRoot>
