<?xml version="1.0" encoding="UTF-8"?>

<!DOCTYPE prprRoot SYSTEM "../../Hewitt/frameworks/properties/property.dtd">

    <prprRoot vrsn_ct="1" name="00749_portal" extends="runtime/portal/property.portal.r7.04.xml">

            <prpr name = "BLACKOUT_TEXT_FROM_PROPS" encryptionClass = "com.hewitt.cat.tba.properties.encrypter.NoOpPropertyEncrypter">
                <lcycl name="pu">
                        <prprvl bgdt="2000.01.01 00:00" endt="3000.01.01 00:00">FALSE</prprvl>
                </lcycl>
                <lcycl name="qc">
                        <prprvl bgdt="2000.01.01 00:00" endt="3000.01.01 00:00">TRUE</prprvl>
                </lcycl>
            </prpr>

            <prpr name = "HM_ENROLL_TARGET_END_POINT" encryptionClass = "com.hewitt.cat.tba.properties.encrypter.NoOpPropertyEncrypter">
                <lcycl name="tu">
                        <prprvl bgdt="2000.01.01 00:00" endt="3000.01.01 00:00">https://int-services.qc.alight.com/AHServiceGatewayQC/services/alight/PersonHMActivity</prprvl>
                </lcycl>
            </prpr>

            <prpr name = "IS_IVA_ENABLED" encryptionClass = "com.hewitt.cat.tba.properties.encrypter.NoOpPropertyEncrypter">
                <lcycl name="pu">
                        <prprvl bgdt="2000.01.01 00:00" endt="3000.01.01 00:00">FALSE</prprvl>
                </lcycl>
                <lcycl name="qc">
                        <prprvl bgdt="2000.01.01 00:00" endt="3000.01.01 00:00">FALSE</prprvl>
                </lcycl>
                <lcycl name="qa">
                        <prprvl bgdt="2000.01.01 00:00" endt="3000.01.01 00:00">TRUE</prprvl>
                </lcycl>
            </prpr>

            <prpr name = "IS_UDP_ENABLED" encryptionClass = "com.hewitt.cat.tba.properties.encrypter.NoOpPropertyEncrypter">
                <lcycl name="pu">
                        <prprvl bgdt="2000.01.01 00:00" endt="3000.01.01 00:00">false</prprvl>
                </lcycl>
                <lcycl name="qc">
                        <prprvl bgdt="2000.01.01 00:00" endt="3000.01.01 00:00">false</prprvl>
                </lcycl>
                <lcycl name="qa">
                        <prprvl bgdt="2000.01.01 00:00" endt="3000.01.01 00:00">false</prprvl>
                </lcycl>
            </prpr>

            <prpr name = "IS_UDP_ENABLED_V2" encryptionClass = "com.hewitt.cat.tba.properties.encrypter.NoOpPropertyEncrypter">
                <lcycl name="pu">
                        <prprvl bgdt="2000.01.01 00:00" endt="3000.01.01 00:00">TRUE</prprvl>
                </lcycl>
                <lcycl name="qc">
                        <prprvl bgdt="2000.01.01 00:00" endt="3000.01.01 00:00">TRUE</prprvl>
                </lcycl>
            </prpr>

            <prpr name = "IS_UDP_YSA_ENABLED" encryptionClass = "com.hewitt.cat.tba.properties.encrypter.NoOpPropertyEncrypter">
                <lcycl name="pu">
                        <prprvl bgdt="2000.01.01 00:00" endt="3000.01.01 00:00">TRUE</prprvl>
                </lcycl>
                <lcycl name="qc">
                        <prprvl bgdt="2000.01.01 00:00" endt="3000.01.01 00:00">TRUE</prprvl>
                </lcycl>
                <lcycl name="qa">
                        <prprvl bgdt="2000.01.01 00:00" endt="3000.01.01 00:00">TRUE</prprvl>
                </lcycl>
            </prpr>

            <prpr name = "LOGOUT_PAGE_PATH_EXTRN" encryptionClass = "com.hewitt.cat.tba.properties.encrypter.NoOpPropertyEncrypter">
                <lcycl name="pu">
                        <prprvl bgdt="2000.01.01 00:00" endt="3000.01.01 00:00">https://smlogin.aa.com/login/SMLogout.jsp?originalTarget=https://idp.aa.com/idp/startSSO.ping?PartnerSpId=saml.alight.com</prprvl>
                </lcycl>
                <lcycl name="qc">
                        <prprvl bgdt="2000.01.01 00:00" endt="3000.01.01 00:00">https://smlogin.stage.aa.com/login/SMLogout.jsp?originalTarget=https://idpstage.aa.com/idp/startSSO.ping?PartnerSpId=saml.qc.alight.com&amp;TargetResource=https%3A%2F%2Fsso.alight.com%2Fportal</prprvl>
                </lcycl>
            </prpr>

            <prpr name = "MAX_SESSION_CAP_LIMIT" encryptionClass = "com.hewitt.cat.tba.properties.encrypter.NoOpPropertyEncrypter">
                <lcycl name="pu">
                        <prprvl bgdt="2000.01.01 00:00" endt="3000.01.01 00:00">110</prprvl>
                </lcycl>
            </prpr>

            <prpr name = "PORTAL_BLACKOUT" encryptionClass = "com.hewitt.cat.tba.properties.encrypter.NoOpPropertyEncrypter">
                <lcycl name="pu">
                        <prprvl bgdt="2000.01.01 00:00" endt="2019.06.27 22:00">FALSE</prprvl>
                        <prprvl bgdt="2019.06.27 22:00" endt="2019.06.28 00:00">TRUE</prprvl>
                        <prprvl bgdt="2019.06.28 00:00" endt="3000.01.01 00:00">FALSE</prprvl>
                </lcycl>
                <lcycl name="qc">
                        <prprvl bgdt="2000.01.01 00:00" endt="2018.03.20 04:30">FALSE</prprvl>
                        <prprvl bgdt="2018.03.20 04:30" endt="2018.03.20 05:30">TRUE</prprvl>
                        <prprvl bgdt="2018.03.20 05:30" endt="3000.01.01 00:00">FALSE</prprvl>
                </lcycl>
            </prpr>

            <prpr name = "PORTAL_BLACKOUT_TEXT" encryptionClass = "com.hewitt.cat.tba.properties.encrypter.NoOpPropertyEncrypter">
                <lcycl name="pu">
                        <prprvl bgdt="2000.01.01 00:00" endt="3000.01.01 00:00">The Benefits Service Center is temporarily unavailable as we transition to our new HR system, Employee Central.  The site will be available starting 8 a.m. Central time on Tuesday, March 27th.   If you need immediate assistance, please call the Benefits Service Center at 888-860-6178</prprvl>
                </lcycl>
                <lcycl name="qc">
                        <prprvl bgdt="2000.01.01 00:00" endt="3000.01.01 00:00">The Benefits Service Center is temporarily unavailable as we transition to our new HR system, Employee Central.  The site will be available starting 8 a.m. Central time on Tuesday, March 27th.   If you need immediate assistance, please call the Benefits Service Center at 888-860-6178.</prprvl>
                </lcycl>
            </prpr>

            <prpr name = "UCE_SCHEMA_NAME" encryptionClass = "com.hewitt.cat.tba.properties.encrypter.NoOpPropertyEncrypter">
                <lcycl name="pu">
                        <prprvl bgdt="2000.01.01 00:00" endt="3000.01.01 00:00">ucceClient7055</prprvl>
                </lcycl>
                <lcycl name="qc">
                        <prprvl bgdt="2000.01.01 00:00" endt="3000.01.01 00:00">ucceClient7055</prprvl>
                </lcycl>
                <lcycl name="qa">
                        <prprvl bgdt="2000.01.01 00:00" endt="3000.01.01 00:00">ucceClient7055</prprvl>
                </lcycl>
            </prpr>

            <prpr name = "VANITY_URL" encryptionClass = "com.hewitt.cat.tba.properties.encrypter.NoOpPropertyEncrypter">
                <lcycl name="pu">
                        <prprvl bgdt="2000.01.01 00:00" endt="3000.01.01 00:00">http://resources.hewitt.com/american-airlines</prprvl>
                </lcycl>
                <lcycl name="qc">
                        <prprvl bgdt="2000.01.01 00:00" endt="3000.01.01 00:00">http://resources1.hewitt.com/american-airlines/</prprvl>
                </lcycl>
                <lcycl name="qa">
                        <prprvl bgdt="2000.01.01 00:00" endt="3000.01.01 00:00">http://test.resources.hewitt.com/qa/american-airlines/</prprvl>
                </lcycl>
            </prpr>

            <prpr name = "WEB_ANALYTICS_UA_CLIENT_PROPERTY_ID" encryptionClass = "com.hewitt.cat.tba.properties.encrypter.NoOpPropertyEncrypter">
                <lcycl name="pu">
                        <prprvl bgdt="2000.01.01 00:00" endt="3000.01.01 00:00">UA-53149818-1</prprvl>
                </lcycl>
                <lcycl name="qc">
                        <prprvl bgdt="2000.01.01 00:00" endt="3000.01.01 00:00">UA-53149818-2</prprvl>
                </lcycl>
                <lcycl name="qa">
                        <prprvl bgdt="2000.01.01 00:00" endt="3000.01.01 00:00">UA-53149818-2</prprvl>
                </lcycl>
            </prpr>
    </prprRoot>
