<?xml version="1.0" encoding="UTF-8"?>

<!DOCTYPE prprRoot SYSTEM "../../Hewitt/frameworks/properties/property.dtd">

    <prprRoot vrsn_ct="1" name="01341_portal" extends="runtime/portal/property.portal.r7.04.xml">

            <prpr name = "IS_IVA_ENABLED" encryptionClass = "com.hewitt.cat.tba.properties.encrypter.NoOpPropertyEncrypter">
                <lcycl name="pu">
                        <prprvl bgdt="2000.01.01 00:00" endt="3000.01.01 00:00">FALSE</prprvl>
                </lcycl>
                <lcycl name="qc">
                        <prprvl bgdt="2000.01.01 00:00" endt="3000.01.01 00:00">FALSE</prprvl>
                </lcycl>
            </prpr>

            <prpr name = "IS_UDP_YSA_ENABLED" encryptionClass = "com.hewitt.cat.tba.properties.encrypter.NoOpPropertyEncrypter">
                <lcycl name="pu">
                        <prprvl bgdt="2000.01.01 00:00" endt="3000.01.01 00:00">TRUE</prprvl>
                </lcycl>
                <lcycl name="qc">
                        <prprvl bgdt="2000.01.01 00:00" endt="3000.01.01 00:00">TRUE</prprvl>
                </lcycl>
                <lcycl name="qa">
                        <prprvl bgdt="2000.01.01 00:00" endt="3000.01.01 00:00">TRUE</prprvl>
                </lcycl>
            </prpr>

            <prpr name = "TOOLS_TO_TRACK_ROI_ELIGIBILITY" encryptionClass = "com.hewitt.cat.tba.properties.encrypter.NoOpPropertyEncrypter">
                <lcycl name="pu">
                        <prprvl bgdt="2000.01.01 00:00" endt="3000.01.01 00:00"></prprvl>
                </lcycl>
                <lcycl name="qc">
                        <prprvl bgdt="2000.01.01 00:00" endt="3000.01.01 00:00"></prprvl>
                </lcycl>
                <lcycl name="qa">
                        <prprvl bgdt="2000.01.01 00:00" endt="3000.01.01 00:00"></prprvl>
                </lcycl>
            </prpr>

            <prpr name = "UCE_SCHEMA_NAME" encryptionClass = "com.hewitt.cat.tba.properties.encrypter.NoOpPropertyEncrypter">
                <lcycl name="pu">
                        <prprvl bgdt="2000.01.01 00:00" endt="3000.01.01 00:00">ucceClient7035</prprvl>
                </lcycl>
                <lcycl name="qc">
                        <prprvl bgdt="2000.01.01 00:00" endt="3000.01.01 00:00">ucceClient7035</prprvl>
                </lcycl>
                <lcycl name="qa">
                        <prprvl bgdt="2000.01.01 00:00" endt="3000.01.01 00:00">ucceClient7035</prprvl>
                </lcycl>
            </prpr>

            <prpr name = "VANITY_URL" encryptionClass = "com.hewitt.cat.tba.properties.encrypter.NoOpPropertyEncrypter">
                <lcycl name="pu">
                        <prprvl bgdt="2000.01.01 00:00" endt="3000.01.01 00:00">https://digital.alight.com/hallmark/</prprvl>
                </lcycl>
                <lcycl name="qc">
                        <prprvl bgdt="2000.01.01 00:00" endt="3000.01.01 00:00">https://digital.qc.alight.com/hallmark/</prprvl>
                </lcycl>
                <lcycl name="qa">
                        <prprvl bgdt="2000.01.01 00:00" endt="3000.01.01 00:00">https://digital.qa.alight.com/qa/hallmark/</prprvl>
                </lcycl>
            </prpr>

            <prpr name = "WEB_ANALYTICS_UA_CLIENT_PROPERTY_ID" encryptionClass = "com.hewitt.cat.tba.properties.encrypter.NoOpPropertyEncrypter">
                <lcycl name="pu">
                        <prprvl bgdt="2000.01.01 00:00" endt="3000.01.01 00:00">UA-112693422-1</prprvl>
                </lcycl>
                <lcycl name="qc">
                        <prprvl bgdt="2000.01.01 00:00" endt="3000.01.01 00:00">UA-112693422-2</prprvl>
                </lcycl>
                <lcycl name="qa">
                        <prprvl bgdt="2000.01.01 00:00" endt="3000.01.01 00:00">UA-112693422-2</prprvl>
                </lcycl>
            </prpr>

            <prpr name = "WEB_ANALYTICS_UA_CLIENT_TRACKING" encryptionClass = "com.hewitt.cat.tba.properties.encrypter.NoOpPropertyEncrypter">
                <lcycl name="pu">
                        <prprvl bgdt="2000.01.01 00:00" endt="3000.01.01 00:00">false</prprvl>
                </lcycl>
                <lcycl name="qc">
                        <prprvl bgdt="2000.01.01 00:00" endt="3000.01.01 00:00">false</prprvl>
                </lcycl>
                <lcycl name="qa">
                        <prprvl bgdt="2000.01.01 00:00" endt="3000.01.01 00:00">false</prprvl>
                </lcycl>
            </prpr>

            <prpr name = "WEB_ANALYTICS_UA_CROSS_PROPERTY_ID" encryptionClass = "com.hewitt.cat.tba.properties.encrypter.NoOpPropertyEncrypter">
                <lcycl name="pu">
                        <prprvl bgdt="2000.01.01 00:00" endt="3000.01.01 00:00">UA-42536228-16</prprvl>
                </lcycl>
                <lcycl name="qc">
                        <prprvl bgdt="2000.01.01 00:00" endt="3000.01.01 00:00">UA-42536228-15</prprvl>
                </lcycl>
                <lcycl name="qa">
                        <prprvl bgdt="2000.01.01 00:00" endt="3000.01.01 00:00">UA-42536228-15</prprvl>
                </lcycl>
            </prpr>
    </prprRoot>
